scenario,substrate_config,substrate_fraction,revassim_rate,region,year_260_slavic_share_mean,year_260_slavic_share_sd,year_260_pop_mean,run_count
slavic1,none,0.30,0.000,Carpatho-Balkan Interior,0.256883,0.069718,2565.20,10
slavic1,none,0.30,0.000,Pannonian Plain,0.684776,0.151469,515.30,10
slavic1,none,0.30,0.000,Aegean Littoral,0.297161,0.089248,965.40,10
slavic1,none,0.30,0.000,Peloponnese,0.202339,0.185033,99.50,10
slavic1,none,0.30,0.000,Albanian Highlands,0.658870,0.196391,257.60,10
slavic1,none,0.30,0.000,Adriatic Coastal,0.585922,0.213233,223.80,10
slavic1,none,0.30,0.000,Lower Danubian Frontier,0.848182,0.075252,633.40,10
slavic1,none,0.30,0.000,unassigned,0.000000,0.000000,0.00,10
slavic1,none,0.30,0.005,Carpatho-Balkan Interior,0.132006,0.024053,2694.80,10
slavic1,none,0.30,0.005,Pannonian Plain,0.491426,0.176957,368.00,10
slavic1,none,0.30,0.005,Aegean Littoral,0.106099,0.037458,874.90,10
slavic1,none,0.30,0.005,Peloponnese,0.072000,0.087558,68.10,10
slavic1,none,0.30,0.005,Albanian Highlands,0.216842,0.127233,320.40,10
slavic1,none,0.30,0.005,Adriatic Coastal,0.234154,0.164872,182.70,10
slavic1,none,0.30,0.005,Lower Danubian Frontier,0.812579,0.097053,688.10,10
slavic1,none,0.30,0.005,unassigned,0.000000,0.000000,0.00,10
slavic1,none,0.30,0.015,Carpatho-Balkan Interior,0.068528,0.040360,2306.10,10
slavic1,none,0.30,0.015,Pannonian Plain,0.490158,0.270857,391.60,10
slavic1,none,0.30,0.015,Aegean Littoral,0.013999,0.009519,767.90,10
slavic1,none,0.30,0.015,Peloponnese,0.007709,0.016897,110.50,10
slavic1,none,0.30,0.015,Albanian Highlands,0.031220,0.029404,273.50,10
slavic1,none,0.30,0.015,Adriatic Coastal,0.037276,0.041082,209.00,10
slavic1,none,0.30,0.015,Lower Danubian Frontier,0.854632,0.095650,749.60,10
slavic1,none,0.30,0.015,unassigned,0.000000,0.000000,0.00,10
slavic1,none,0.30,0.030,Carpatho-Balkan Interior,0.028111,0.022871,2399.10,10
slavic1,none,0.30,0.030,Pannonian Plain,0.192764,0.233359,327.70,10
slavic1,none,0.30,0.030,Aegean Littoral,0.001399,0.002720,787.90,10
slavic1,none,0.30,0.030,Peloponnese,0.004950,0.011019,120.30,10
slavic1,none,0.30,0.030,Albanian Highlands,0.000000,0.000000,233.60,10
slavic1,none,0.30,0.030,Adriatic Coastal,0.000893,0.002824,135.20,10
slavic1,none,0.30,0.030,Lower Danubian Frontier,0.835260,0.076256,602.40,10
slavic1,none,0.30,0.030,unassigned,0.000000,0.000000,0.00,10
slavic1,none,0.30,0.045,Carpatho-Balkan Interior,0.014253,0.020056,2362.60,10
slavic1,none,0.30,0.045,Pannonian Plain,0.310813,0.189188,453.80,10
slavic1,none,0.30,0.045,Aegean Littoral,0.000000,0.000000,806.70,10
slavic1,none,0.30,0.045,Peloponnese,0.000000,0.000000,109.10,10
slavic1,none,0.30,0.045,Albanian Highlands,0.000000,0.000000,217.20,10
slavic1,none,0.30,0.045,Adriatic Coastal,0.000500,0.001581,201.00,10
slavic1,none,0.30,0.045,Lower Danubian Frontier,0.822842,0.082343,761.30,10
slavic1,none,0.30,0.045,unassigned,0.000000,0.000000,0.00,10
slavic1,uniform,0.10,0.000,Carpatho-Balkan Interior,0.343685,0.086708,2463.90,10
slavic1,uniform,0.10,0.000,Pannonian Plain,0.618343,0.155915,431.70,10
slavic1,uniform,0.10,0.000,Aegean Littoral,0.459550,0.110006,885.50,10
slavic1,uniform,0.10,0.000,Peloponnese,0.605829,0.236114,139.70,10
slavic1,uniform,0.10,0.000,Albanian Highlands,0.719090,0.132951,284.30,10
slavic1,uniform,0.10,0.000,Adriatic Coastal,0.596037,0.219544,198.80,10
slavic1,uniform,0.10,0.000,Lower Danubian Frontier,0.854507,0.067335,687.10,10
slavic1,uniform,0.10,0.000,unassigned,0.000000,0.000000,0.00,10
slavic1,uniform,0.10,0.005,Carpatho-Balkan Interior,0.174730,0.023395,2479.50,10
slavic1,uniform,0.10,0.005,Pannonian Plain,0.447875,0.243121,504.10,10
slavic1,uniform,0.10,0.005,Aegean Littoral,0.153335,0.089786,892.80,10
slavic1,uniform,0.10,0.005,Peloponnese,0.166039,0.185511,69.90,10
slavic1,uniform,0.10,0.005,Albanian Highlands,0.305588,0.195784,273.40,10
slavic1,uniform,0.10,0.005,Adriatic Coastal,0.311111,0.213357,191.90,10
slavic1,uniform,0.10,0.005,Lower Danubian Frontier,0.886515,0.081732,602.20,10
slavic1,uniform,0.10,0.005,unassigned,0.000000,0.000000,0.00,10
slavic1,uniform,0.10,0.015,Carpatho-Balkan Interior,0.075260,0.049918,2420.20,10
slavic1,uniform,0.10,0.015,Pannonian Plain,0.290515,0.221657,470.20,10
slavic1,uniform,0.10,0.015,Aegean Littoral,0.016299,0.013911,826.00,10
slavic1,uniform,0.10,0.015,Peloponnese,0.019890,0.030014,78.10,10
slavic1,uniform,0.10,0.015,Albanian Highlands,0.032358,0.033475,204.60,10
slavic1,uniform,0.10,0.015,Adriatic Coastal,0.064256,0.082078,197.30,10
slavic1,uniform,0.10,0.015,Lower Danubian Frontier,0.829843,0.078023,689.30,10
slavic1,uniform,0.10,0.015,unassigned,0.000000,0.000000,0.00,10
slavic1,uniform,0.10,0.030,Carpatho-Balkan Interior,0.029696,0.028207,2403.10,10
slavic1,uniform,0.10,0.030,Pannonian Plain,0.368390,0.266498,315.70,10
slavic1,uniform,0.10,0.030,Aegean Littoral,0.000960,0.001454,846.30,10
slavic1,uniform,0.10,0.030,Peloponnese,0.000000,0.000000,106.60,10
slavic1,uniform,0.10,0.030,Albanian Highlands,0.000370,0.001171,262.40,10
slavic1,uniform,0.10,0.030,Adriatic Coastal,0.000000,0.000000,182.70,10
slavic1,uniform,0.10,0.030,Lower Danubian Frontier,0.786540,0.110795,645.60,10
slavic1,uniform,0.10,0.030,unassigned,0.000000,0.000000,0.00,10
slavic1,uniform,0.10,0.045,Carpatho-Balkan Interior,0.006065,0.008860,2500.10,10
slavic1,uniform,0.10,0.045,Pannonian Plain,0.161211,0.226448,402.00,10
slavic1,uniform,0.10,0.045,Aegean Littoral,0.000000,0.000000,944.40,10
slavic1,uniform,0.10,0.045,Peloponnese,0.000000,0.000000,110.10,10
slavic1,uniform,0.10,0.045,Albanian Highlands,0.000000,0.000000,311.00,10
slavic1,uniform,0.10,0.045,Adriatic Coastal,0.000000,0.000000,143.80,10
slavic1,uniform,0.10,0.045,Lower Danubian Frontier,0.814759,0.099564,656.20,10
slavic1,uniform,0.10,0.045,unassigned,0.000000,0.000000,0.00,10
slavic1,uniform,0.20,0.000,Carpatho-Balkan Interior,0.507454,0.080157,2547.70,10
slavic1,uniform,0.20,0.000,Pannonian Plain,0.582550,0.175621,426.30,10
slavic1,uniform,0.20,0.000,Aegean Littoral,0.588595,0.119662,902.40,10
slavic1,uniform,0.20,0.000,Peloponnese,0.656441,0.277517,110.20,10
slavic1,uniform,0.20,0.000,Albanian Highlands,0.797009,0.128002,278.70,10
slavic1,uniform,0.20,0.000,Adriatic Coastal,0.713558,0.216417,215.70,10
slavic1,uniform,0.20,0.000,Lower Danubian Frontier,0.899642,0.048299,688.70,10
slavic1,uniform,0.20,0.000,unassigned,0.000000,0.000000,0.00,10
slavic1,uniform,0.20,0.005,Carpatho-Balkan Interior,0.297656,0.099325,2118.20,10
slavic1,uniform,0.20,0.005,Pannonian Plain,0.440246,0.192805,483.60,10
slavic1,uniform,0.20,0.005,Aegean Littoral,0.249149,0.115278,842.00,10
slavic1,uniform,0.20,0.005,Peloponnese,0.175946,0.184861,97.60,10
slavic1,uniform,0.20,0.005,Albanian Highlands,0.508091,0.274470,287.30,10
slavic1,uniform,0.20,0.005,Adriatic Coastal,0.311021,0.271508,174.30,10
slavic1,uniform,0.20,0.005,Lower Danubian Frontier,0.875183,0.074662,681.10,10
slavic1,uniform,0.20,0.005,unassigned,0.000000,0.000000,0.00,10
slavic1,uniform,0.20,0.015,Carpatho-Balkan Interior,0.103059,0.047625,2270.70,10
slavic1,uniform,0.20,0.015,Pannonian Plain,0.431049,0.235913,493.20,10
slavic1,uniform,0.20,0.015,Aegean Littoral,0.023406,0.014351,796.50,10
slavic1,uniform,0.20,0.015,Peloponnese,0.012834,0.015610,96.10,10
slavic1,uniform,0.20,0.015,Albanian Highlands,0.082880,0.173368,220.20,10
slavic1,uniform,0.20,0.015,Adriatic Coastal,0.024693,0.040887,203.20,10
slavic1,uniform,0.20,0.015,Lower Danubian Frontier,0.888379,0.062064,760.80,10
slavic1,uniform,0.20,0.015,unassigned,0.000000,0.000000,0.00,10
slavic1,uniform,0.20,0.030,Carpatho-Balkan Interior,0.048144,0.026619,2531.20,10
slavic1,uniform,0.20,0.030,Pannonian Plain,0.200775,0.203845,398.30,10
slavic1,uniform,0.20,0.030,Aegean Littoral,0.005110,0.011462,913.50,10
slavic1,uniform,0.20,0.030,Peloponnese,0.000000,0.000000,79.70,10
slavic1,uniform,0.20,0.030,Albanian Highlands,0.004082,0.012907,251.10,10
slavic1,uniform,0.20,0.030,Adriatic Coastal,0.000772,0.002442,192.30,10
slavic1,uniform,0.20,0.030,Lower Danubian Frontier,0.847434,0.058589,638.10,10
slavic1,uniform,0.20,0.030,unassigned,0.000000,0.000000,0.00,10
slavic1,uniform,0.20,0.045,Carpatho-Balkan Interior,0.042476,0.040493,2364.20,10
slavic1,uniform,0.20,0.045,Pannonian Plain,0.289634,0.235035,420.80,10
slavic1,uniform,0.20,0.045,Aegean Littoral,0.000000,0.000000,878.90,10
slavic1,uniform,0.20,0.045,Peloponnese,0.000000,0.000000,123.80,10
slavic1,uniform,0.20,0.045,Albanian Highlands,0.000000,0.000000,236.20,10
slavic1,uniform,0.20,0.045,Adriatic Coastal,0.000000,0.000000,172.30,10
slavic1,uniform,0.20,0.045,Lower Danubian Frontier,0.794224,0.101357,703.10,10
slavic1,uniform,0.20,0.045,unassigned,0.000000,0.000000,0.00,10
slavic1,uniform,0.30,0.000,Carpatho-Balkan Interior,0.654178,0.089326,2260.90,10
slavic1,uniform,0.30,0.000,Pannonian Plain,0.676332,0.139014,419.60,10
slavic1,uniform,0.30,0.000,Aegean Littoral,0.745758,0.095574,993.40,10
slavic1,uniform,0.30,0.000,Peloponnese,0.862955,0.074187,102.00,10
slavic1,uniform,0.30,0.000,Albanian Highlands,0.837360,0.178471,318.80,10
slavic1,uniform,0.30,0.000,Adriatic Coastal,0.782906,0.188199,197.00,10
slavic1,uniform,0.30,0.000,Lower Danubian Frontier,0.891950,0.040937,689.10,10
slavic1,uniform,0.30,0.000,unassigned,0.000000,0.000000,0.00,10
slavic1,uniform,0.30,0.005,Carpatho-Balkan Interior,0.490014,0.076400,2427.80,10
slavic1,uniform,0.30,0.005,Pannonian Plain,0.565617,0.209961,485.90,10
slavic1,uniform,0.30,0.005,Aegean Littoral,0.387902,0.156743,793.40,10
slavic1,uniform,0.30,0.005,Peloponnese,0.351231,0.309995,88.30,10
slavic1,uniform,0.30,0.005,Albanian Highlands,0.718005,0.221372,224.30,10
slavic1,uniform,0.30,0.005,Adriatic Coastal,0.720794,0.229858,169.80,10
slavic1,uniform,0.30,0.005,Lower Danubian Frontier,0.894252,0.087331,634.40,10
slavic1,uniform,0.30,0.005,unassigned,0.000000,0.000000,0.00,10
slavic1,uniform,0.30,0.015,Carpatho-Balkan Interior,0.246522,0.117910,2404.90,10
slavic1,uniform,0.30,0.015,Pannonian Plain,0.391347,0.242465,426.40,10
slavic1,uniform,0.30,0.015,Aegean Littoral,0.042963,0.057519,850.90,10
slavic1,uniform,0.30,0.015,Peloponnese,0.025152,0.036224,84.50,10
slavic1,uniform,0.30,0.015,Albanian Highlands,0.105879,0.205027,248.90,10
slavic1,uniform,0.30,0.015,Adriatic Coastal,0.124391,0.244413,155.20,10
slavic1,uniform,0.30,0.015,Lower Danubian Frontier,0.839399,0.115152,581.40,10
slavic1,uniform,0.30,0.015,unassigned,0.000000,0.000000,0.00,10
slavic1,uniform,0.30,0.030,Carpatho-Balkan Interior,0.149002,0.104289,2455.20,10
slavic1,uniform,0.30,0.030,Pannonian Plain,0.198421,0.189927,422.60,10
slavic1,uniform,0.30,0.030,Aegean Littoral,0.002037,0.002613,845.40,10
slavic1,uniform,0.30,0.030,Peloponnese,0.001439,0.004550,119.40,10
slavic1,uniform,0.30,0.030,Albanian Highlands,0.000000,0.000000,242.70,10
slavic1,uniform,0.30,0.030,Adriatic Coastal,0.001471,0.004650,190.40,10
slavic1,uniform,0.30,0.030,Lower Danubian Frontier,0.829089,0.083604,702.00,10
slavic1,uniform,0.30,0.030,unassigned,0.000000,0.000000,0.00,10
slavic1,uniform,0.30,0.045,Carpatho-Balkan Interior,0.098699,0.073897,2368.80,10
slavic1,uniform,0.30,0.045,Pannonian Plain,0.140241,0.191193,432.70,10
slavic1,uniform,0.30,0.045,Aegean Littoral,0.000000,0.000000,882.70,10
slavic1,uniform,0.30,0.045,Peloponnese,0.000000,0.000000,118.80,10
slavic1,uniform,0.30,0.045,Albanian Highlands,0.000000,0.000000,277.20,10
slavic1,uniform,0.30,0.045,Adriatic Coastal,0.000000,0.000000,190.00,10
slavic1,uniform,0.30,0.045,Lower Danubian Frontier,0.865882,0.084472,695.00,10
slavic1,uniform,0.30,0.045,unassigned,0.000000,0.000000,0.00,10
slavic1,uniform,0.40,0.000,Carpatho-Balkan Interior,0.818064,0.055883,2281.10,10
slavic1,uniform,0.40,0.000,Pannonian Plain,0.670583,0.144905,466.80,10
slavic1,uniform,0.40,0.000,Aegean Littoral,0.850259,0.042888,879.70,10
slavic1,uniform,0.40,0.000,Peloponnese,0.804317,0.097563,124.80,10
slavic1,uniform,0.40,0.000,Albanian Highlands,0.843525,0.084641,274.50,10
slavic1,uniform,0.40,0.000,Adriatic Coastal,0.851205,0.088647,165.90,10
slavic1,uniform,0.40,0.000,Lower Danubian Frontier,0.924258,0.041255,762.60,10
slavic1,uniform,0.40,0.000,unassigned,0.000000,0.000000,0.00,10
slavic1,uniform,0.40,0.005,Carpatho-Balkan Interior,0.725366,0.080779,2393.70,10
slavic1,uniform,0.40,0.005,Pannonian Plain,0.480034,0.199323,457.00,10
slavic1,uniform,0.40,0.005,Aegean Littoral,0.680723,0.120594,791.60,10
slavic1,uniform,0.40,0.005,Peloponnese,0.901953,0.106631,86.50,10
slavic1,uniform,0.40,0.005,Albanian Highlands,0.837978,0.175628,289.80,10
slavic1,uniform,0.40,0.005,Adriatic Coastal,0.711055,0.366756,180.70,10
slavic1,uniform,0.40,0.005,Lower Danubian Frontier,0.889587,0.064018,723.90,10
slavic1,uniform,0.40,0.005,unassigned,0.000000,0.000000,0.00,10
slavic1,uniform,0.40,0.015,Carpatho-Balkan Interior,0.523882,0.119389,2341.10,10
slavic1,uniform,0.40,0.015,Pannonian Plain,0.343746,0.230470,417.50,10
slavic1,uniform,0.40,0.015,Aegean Littoral,0.346796,0.188889,874.90,10
slavic1,uniform,0.40,0.015,Peloponnese,0.176130,0.336917,86.40,10
slavic1,uniform,0.40,0.015,Albanian Highlands,0.486546,0.411817,339.70,10
slavic1,uniform,0.40,0.015,Adriatic Coastal,0.395709,0.345981,202.60,10
slavic1,uniform,0.40,0.015,Lower Danubian Frontier,0.902144,0.055697,735.60,10
slavic1,uniform,0.40,0.015,unassigned,0.000000,0.000000,0.00,10
slavic1,uniform,0.40,0.030,Carpatho-Balkan Interior,0.285980,0.104527,2062.10,10
slavic1,uniform,0.40,0.030,Pannonian Plain,0.272498,0.166141,518.80,10
slavic1,uniform,0.40,0.030,Aegean Littoral,0.044320,0.089374,816.90,10
slavic1,uniform,0.40,0.030,Peloponnese,0.004035,0.006517,82.20,10
slavic1,uniform,0.40,0.030,Albanian Highlands,0.133067,0.280621,233.50,10
slavic1,uniform,0.40,0.030,Adriatic Coastal,0.001439,0.004550,143.80,10
slavic1,uniform,0.40,0.030,Lower Danubian Frontier,0.932361,0.063850,791.60,10
slavic1,uniform,0.40,0.030,unassigned,0.000000,0.000000,0.00,10
slavic1,uniform,0.40,0.045,Carpatho-Balkan Interior,0.170683,0.077690,2329.90,10
slavic1,uniform,0.40,0.045,Pannonian Plain,0.119672,0.182209,375.50,10
slavic1,uniform,0.40,0.045,Aegean Littoral,0.021675,0.054442,717.30,10
slavic1,uniform,0.40,0.045,Peloponnese,0.000000,0.000000,91.70,10
slavic1,uniform,0.40,0.045,Albanian Highlands,0.000000,0.000000,277.90,10
slavic1,uniform,0.40,0.045,Adriatic Coastal,0.000000,0.000000,216.00,10
slavic1,uniform,0.40,0.045,Lower Danubian Frontier,0.897909,0.060435,682.80,10
slavic1,uniform,0.40,0.045,unassigned,0.000000,0.000000,0.00,10
slavic1,cbi_only,0.10,0.000,Carpatho-Balkan Interior,0.352075,0.100014,2455.00,10
slavic1,cbi_only,0.10,0.000,Pannonian Plain,0.603185,0.177616,476.60,10
slavic1,cbi_only,0.10,0.000,Aegean Littoral,0.394977,0.108032,764.10,10
slavic1,cbi_only,0.10,0.000,Peloponnese,0.447702,0.316477,111.10,10
slavic1,cbi_only,0.10,0.000,Albanian Highlands,0.573697,0.131460,290.90,10
slavic1,cbi_only,0.10,0.000,Adriatic Coastal,0.669564,0.242647,185.50,10
slavic1,cbi_only,0.10,0.000,Lower Danubian Frontier,0.842998,0.069012,692.70,10
slavic1,cbi_only,0.10,0.000,unassigned,0.000000,0.000000,0.00,10
slavic1,cbi_only,0.10,0.005,Carpatho-Balkan Interior,0.202678,0.029937,2482.30,10
slavic1,cbi_only,0.10,0.005,Pannonian Plain,0.428132,0.231117,415.30,10
slavic1,cbi_only,0.10,0.005,Aegean Littoral,0.140741,0.061266,911.70,10
slavic1,cbi_only,0.10,0.005,Peloponnese,0.060684,0.070035,72.70,10
slavic1,cbi_only,0.10,0.005,Albanian Highlands,0.193667,0.230142,286.00,10
slavic1,cbi_only,0.10,0.005,Adriatic Coastal,0.208561,0.198604,207.10,10
slavic1,cbi_only,0.10,0.005,Lower Danubian Frontier,0.882628,0.048530,651.10,10
slavic1,cbi_only,0.10,0.005,unassigned,0.000000,0.000000,0.00,10
slavic1,cbi_only,0.10,0.015,Carpatho-Balkan Interior,0.078523,0.031610,2425.30,10
slavic1,cbi_only,0.10,0.015,Pannonian Plain,0.270383,0.183868,470.40,10
slavic1,cbi_only,0.10,0.015,Aegean Littoral,0.016229,0.009190,898.30,10
slavic1,cbi_only,0.10,0.015,Peloponnese,0.010517,0.015769,63.40,10
slavic1,cbi_only,0.10,0.015,Albanian Highlands,0.033539,0.036444,283.20,10
slavic1,cbi_only,0.10,0.015,Adriatic Coastal,0.026615,0.032976,225.30,10
slavic1,cbi_only,0.10,0.015,Lower Danubian Frontier,0.893524,0.069518,825.80,10
slavic1,cbi_only,0.10,0.015,unassigned,0.000000,0.000000,0.00,10
slavic1,cbi_only,0.10,0.030,Carpatho-Balkan Interior,0.053984,0.043107,2568.60,10
slavic1,cbi_only,0.10,0.030,Pannonian Plain,0.197029,0.198632,384.90,10
slavic1,cbi_only,0.10,0.030,Aegean Littoral,0.001096,0.002378,906.90,10
slavic1,cbi_only,0.10,0.030,Peloponnese,0.000976,0.003085,109.00,10
slavic1,cbi_only,0.10,0.030,Albanian Highlands,0.000568,0.001797,218.40,10
slavic1,cbi_only,0.10,0.030,Adriatic Coastal,0.000000,0.000000,161.40,10
slavic1,cbi_only,0.10,0.030,Lower Danubian Frontier,0.836743,0.059574,765.70,10
slavic1,cbi_only,0.10,0.030,unassigned,0.000000,0.000000,0.00,10
slavic1,cbi_only,0.10,0.045,Carpatho-Balkan Interior,0.036275,0.027790,2412.90,10
slavic1,cbi_only,0.10,0.045,Pannonian Plain,0.186757,0.185125,443.40,10
slavic1,cbi_only,0.10,0.045,Aegean Littoral,0.000000,0.000000,920.10,10
slavic1,cbi_only,0.10,0.045,Peloponnese,0.000000,0.000000,113.80,10
slavic1,cbi_only,0.10,0.045,Albanian Highlands,0.000000,0.000000,280.00,10
slavic1,cbi_only,0.10,0.045,Adriatic Coastal,0.000000,0.000000,169.50,10
slavic1,cbi_only,0.10,0.045,Lower Danubian Frontier,0.847683,0.100119,768.60,10
slavic1,cbi_only,0.10,0.045,unassigned,0.000000,0.000000,0.00,10
slavic1,cbi_only,0.20,0.000,Carpatho-Balkan Interior,0.505697,0.081757,2283.00,10
slavic1,cbi_only,0.20,0.000,Pannonian Plain,0.642079,0.137098,393.80,10
slavic1,cbi_only,0.20,0.000,Aegean Littoral,0.328750,0.101519,888.60,10
slavic1,cbi_only,0.20,0.000,Peloponnese,0.329829,0.275659,90.70,10
slavic1,cbi_only,0.20,0.000,Albanian Highlands,0.589809,0.254980,299.90,10
slavic1,cbi_only,0.20,0.000,Adriatic Coastal,0.572890,0.239006,239.20,10
slavic1,cbi_only,0.20,0.000,Lower Danubian Frontier,0.874877,0.091847,662.10,10
slavic1,cbi_only,0.20,0.000,unassigned,0.000000,0.000000,0.00,10
slavic1,cbi_only,0.20,0.005,Carpatho-Balkan Interior,0.281813,0.070462,2257.80,10
slavic1,cbi_only,0.20,0.005,Pannonian Plain,0.387886,0.250768,420.20,10
slavic1,cbi_only,0.20,0.005,Aegean Littoral,0.127858,0.069327,888.90,10
slavic1,cbi_only,0.20,0.005,Peloponnese,0.102097,0.090232,84.30,10
slavic1,cbi_only,0.20,0.005,Albanian Highlands,0.374923,0.253935,253.40,10
slavic1,cbi_only,0.20,0.005,Adriatic Coastal,0.175324,0.209358,197.70,10
slavic1,cbi_only,0.20,0.005,Lower Danubian Frontier,0.886432,0.059608,654.80,10
slavic1,cbi_only,0.20,0.005,unassigned,0.000000,0.000000,0.00,10
slavic1,cbi_only,0.20,0.015,Carpatho-Balkan Interior,0.154739,0.079198,2562.80,10
slavic1,cbi_only,0.20,0.015,Pannonian Plain,0.490841,0.218610,389.20,10
slavic1,cbi_only,0.20,0.015,Aegean Littoral,0.011261,0.008268,752.00,10
slavic1,cbi_only,0.20,0.015,Peloponnese,0.015140,0.021085,79.80,10
slavic1,cbi_only,0.20,0.015,Albanian Highlands,0.026085,0.032441,193.70,10
slavic1,cbi_only,0.20,0.015,Adriatic Coastal,0.018750,0.020786,197.50,10
slavic1,cbi_only,0.20,0.015,Lower Danubian Frontier,0.862783,0.043307,707.10,10
slavic1,cbi_only,0.20,0.015,unassigned,0.000000,0.000000,0.00,10
slavic1,cbi_only,0.20,0.030,Carpatho-Balkan Interior,0.057536,0.057842,2381.30,10
slavic1,cbi_only,0.20,0.030,Pannonian Plain,0.208734,0.250112,452.40,10
slavic1,cbi_only,0.20,0.030,Aegean Littoral,0.002463,0.003809,783.80,10
slavic1,cbi_only,0.20,0.030,Peloponnese,0.004546,0.014374,80.90,10
slavic1,cbi_only,0.20,0.030,Albanian Highlands,0.000000,0.000000,234.60,10
slavic1,cbi_only,0.20,0.030,Adriatic Coastal,0.000000,0.000000,160.00,10
slavic1,cbi_only,0.20,0.030,Lower Danubian Frontier,0.852092,0.079708,674.50,10
slavic1,cbi_only,0.20,0.030,unassigned,0.000000,0.000000,0.00,10
slavic1,cbi_only,0.20,0.045,Carpatho-Balkan Interior,0.027224,0.027371,2243.20,10
slavic1,cbi_only,0.20,0.045,Pannonian Plain,0.263648,0.221810,474.00,10
slavic1,cbi_only,0.20,0.045,Aegean Littoral,0.000000,0.000000,774.70,10
slavic1,cbi_only,0.20,0.045,Peloponnese,0.000000,0.000000,97.80,10
slavic1,cbi_only,0.20,0.045,Albanian Highlands,0.000000,0.000000,240.60,10
slavic1,cbi_only,0.20,0.045,Adriatic Coastal,0.000000,0.000000,169.20,10
slavic1,cbi_only,0.20,0.045,Lower Danubian Frontier,0.793627,0.091392,622.80,10
slavic1,cbi_only,0.20,0.045,unassigned,0.000000,0.000000,0.00,10
slavic1,cbi_only,0.30,0.000,Carpatho-Balkan Interior,0.630764,0.098186,2593.50,10
slavic1,cbi_only,0.30,0.000,Pannonian Plain,0.550741,0.159953,419.90,10
slavic1,cbi_only,0.30,0.000,Aegean Littoral,0.345234,0.106008,833.80,10
slavic1,cbi_only,0.30,0.000,Peloponnese,0.277288,0.282758,94.70,10
slavic1,cbi_only,0.30,0.000,Albanian Highlands,0.607085,0.219157,304.60,10
slavic1,cbi_only,0.30,0.000,Adriatic Coastal,0.431690,0.255569,182.40,10
slavic1,cbi_only,0.30,0.000,Lower Danubian Frontier,0.895061,0.037583,735.20,10
slavic1,cbi_only,0.30,0.000,unassigned,0.000000,0.000000,0.00,10
slavic1,cbi_only,0.30,0.005,Carpatho-Balkan Interior,0.477658,0.056528,2320.90,10
slavic1,cbi_only,0.30,0.005,Pannonian Plain,0.472533,0.264258,551.10,10
slavic1,cbi_only,0.30,0.005,Aegean Littoral,0.128751,0.074107,916.00,10
slavic1,cbi_only,0.30,0.005,Peloponnese,0.073404,0.076515,136.00,10
slavic1,cbi_only,0.30,0.005,Albanian Highlands,0.318125,0.202520,232.20,10
slavic1,cbi_only,0.30,0.005,Adriatic Coastal,0.185186,0.195511,206.10,10
slavic1,cbi_only,0.30,0.005,Lower Danubian Frontier,0.898999,0.045522,728.40,10
slavic1,cbi_only,0.30,0.005,unassigned,0.000000,0.000000,0.00,10
slavic1,cbi_only,0.30,0.015,Carpatho-Balkan Interior,0.230215,0.089648,2197.40,10
slavic1,cbi_only,0.30,0.015,Pannonian Plain,0.384673,0.238452,498.80,10
slavic1,cbi_only,0.30,0.015,Aegean Littoral,0.022108,0.011413,776.30,10
slavic1,cbi_only,0.30,0.015,Peloponnese,0.003520,0.007421,126.20,10
slavic1,cbi_only,0.30,0.015,Albanian Highlands,0.024123,0.019167,260.90,10
slavic1,cbi_only,0.30,0.015,Adriatic Coastal,0.022711,0.033726,206.50,10
slavic1,cbi_only,0.30,0.015,Lower Danubian Frontier,0.893319,0.051699,693.60,10
slavic1,cbi_only,0.30,0.015,unassigned,0.000000,0.000000,0.00,10
slavic1,cbi_only,0.30,0.030,Carpatho-Balkan Interior,0.150775,0.068689,2387.30,10
slavic1,cbi_only,0.30,0.030,Pannonian Plain,0.217813,0.237781,431.10,10
slavic1,cbi_only,0.30,0.030,Aegean Littoral,0.000751,0.001633,849.50,10
slavic1,cbi_only,0.30,0.030,Peloponnese,0.000000,0.000000,71.70,10
slavic1,cbi_only,0.30,0.030,Albanian Highlands,0.002527,0.005331,248.70,10
slavic1,cbi_only,0.30,0.030,Adriatic Coastal,0.000000,0.000000,201.90,10
slavic1,cbi_only,0.30,0.030,Lower Danubian Frontier,0.813218,0.111132,594.70,10
slavic1,cbi_only,0.30,0.030,unassigned,0.000000,0.000000,0.00,10
slavic1,cbi_only,0.30,0.045,Carpatho-Balkan Interior,0.107560,0.051226,2458.40,10
slavic1,cbi_only,0.30,0.045,Pannonian Plain,0.258760,0.290104,415.80,10
slavic1,cbi_only,0.30,0.045,Aegean Littoral,0.000816,0.002201,845.70,10
slavic1,cbi_only,0.30,0.045,Peloponnese,0.000000,0.000000,116.50,10
slavic1,cbi_only,0.30,0.045,Albanian Highlands,0.000000,0.000000,241.10,10
slavic1,cbi_only,0.30,0.045,Adriatic Coastal,0.000000,0.000000,245.00,10
slavic1,cbi_only,0.30,0.045,Lower Danubian Frontier,0.876178,0.055944,671.20,10
slavic1,cbi_only,0.30,0.045,unassigned,0.000000,0.000000,0.00,10
slavic1,cbi_only,0.40,0.000,Carpatho-Balkan Interior,0.838958,0.052247,2520.60,10
slavic1,cbi_only,0.40,0.000,Pannonian Plain,0.675165,0.180468,422.70,10
slavic1,cbi_only,0.40,0.000,Aegean Littoral,0.305237,0.076758,913.10,10
slavic1,cbi_only,0.40,0.000,Peloponnese,0.368903,0.281845,135.70,10
slavic1,cbi_only,0.40,0.000,Albanian Highlands,0.678510,0.124051,248.70,10
slavic1,cbi_only,0.40,0.000,Adriatic Coastal,0.589093,0.263756,246.40,10
slavic1,cbi_only,0.40,0.000,Lower Danubian Frontier,0.925089,0.042057,695.80,10
slavic1,cbi_only,0.40,0.000,unassigned,0.000000,0.000000,0.00,10
slavic1,cbi_only,0.40,0.005,Carpatho-Balkan Interior,0.717850,0.088588,2427.70,10
slavic1,cbi_only,0.40,0.005,Pannonian Plain,0.670770,0.157975,542.00,10
slavic1,cbi_only,0.40,0.005,Aegean Littoral,0.201400,0.098384,891.60,10
slavic1,cbi_only,0.40,0.005,Peloponnese,0.128168,0.267730,96.00,10
slavic1,cbi_only,0.40,0.005,Albanian Highlands,0.255002,0.237378,350.00,10
slavic1,cbi_only,0.40,0.005,Adriatic Coastal,0.258462,0.143556,156.80,10
slavic1,cbi_only,0.40,0.005,Lower Danubian Frontier,0.880465,0.054489,669.50,10
slavic1,cbi_only,0.40,0.005,unassigned,0.000000,0.000000,0.00,10
slavic1,cbi_only,0.40,0.015,Carpatho-Balkan Interior,0.583766,0.085416,2416.60,10
slavic1,cbi_only,0.40,0.015,Pannonian Plain,0.595398,0.265405,392.80,10
slavic1,cbi_only,0.40,0.015,Aegean Littoral,0.009758,0.006147,775.30,10
slavic1,cbi_only,0.40,0.015,Peloponnese,0.024450,0.042088,109.50,10
slavic1,cbi_only,0.40,0.015,Albanian Highlands,0.117737,0.113344,316.70,10
slavic1,cbi_only,0.40,0.015,Adriatic Coastal,0.014280,0.015001,204.70,10
slavic1,cbi_only,0.40,0.015,Lower Danubian Frontier,0.891845,0.116381,666.00,10
slavic1,cbi_only,0.40,0.015,unassigned,0.000000,0.000000,0.00,10
slavic1,cbi_only,0.40,0.030,Carpatho-Balkan Interior,0.243757,0.116611,2101.70,10
slavic1,cbi_only,0.40,0.030,Pannonian Plain,0.247091,0.236456,478.00,10
slavic1,cbi_only,0.40,0.030,Aegean Littoral,0.001267,0.002020,860.50,10
slavic1,cbi_only,0.40,0.030,Peloponnese,0.000000,0.000000,111.20,10
slavic1,cbi_only,0.40,0.030,Albanian Highlands,0.009579,0.030293,313.20,10
slavic1,cbi_only,0.40,0.030,Adriatic Coastal,0.005348,0.015367,163.90,10
slavic1,cbi_only,0.40,0.030,Lower Danubian Frontier,0.873765,0.100140,667.90,10
slavic1,cbi_only,0.40,0.030,unassigned,0.000000,0.000000,0.00,10
slavic1,cbi_only,0.40,0.045,Carpatho-Balkan Interior,0.228776,0.133318,2311.60,10
slavic1,cbi_only,0.40,0.045,Pannonian Plain,0.203082,0.195196,394.40,10
slavic1,cbi_only,0.40,0.045,Aegean Littoral,0.000000,0.000000,902.80,10
slavic1,cbi_only,0.40,0.045,Peloponnese,0.000000,0.000000,84.40,10
slavic1,cbi_only,0.40,0.045,Albanian Highlands,0.027119,0.085757,271.40,10
slavic1,cbi_only,0.40,0.045,Adriatic Coastal,0.000000,0.000000,196.10,10
slavic1,cbi_only,0.40,0.045,Lower Danubian Frontier,0.854830,0.087811,842.80,10
slavic1,cbi_only,0.40,0.045,unassigned,0.000000,0.000000,0.00,10
slavic2,none,0.30,0.000,Carpatho-Balkan Interior,0.853647,0.051136,6114.10,10
slavic2,none,0.30,0.000,Pannonian Plain,0.842031,0.116930,658.60,10
slavic2,none,0.30,0.000,Aegean Littoral,0.945342,0.016657,2649.70,10
slavic2,none,0.30,0.000,Peloponnese,0.940935,0.035299,298.50,10
slavic2,none,0.30,0.000,Albanian Highlands,0.980804,0.013589,1005.10,10
slavic2,none,0.30,0.000,Adriatic Coastal,0.969123,0.017558,770.30,10
slavic2,none,0.30,0.000,Lower Danubian Frontier,0.971750,0.027425,1585.90,10
slavic2,none,0.30,0.000,unassigned,0.000000,0.000000,0.00,10
slavic2,none,0.30,0.005,Carpatho-Balkan Interior,0.704669,0.111975,5339.60,10
slavic2,none,0.30,0.005,Pannonian Plain,0.777760,0.174609,640.40,10
slavic2,none,0.30,0.005,Aegean Littoral,0.740883,0.106677,2509.50,10
slavic2,none,0.30,0.005,Peloponnese,0.694796,0.351251,307.00,10
slavic2,none,0.30,0.005,Albanian Highlands,0.963899,0.018966,876.50,10
slavic2,none,0.30,0.005,Adriatic Coastal,0.934557,0.065725,800.20,10
slavic2,none,0.30,0.005,Lower Danubian Frontier,0.981891,0.014955,1463.90,10
slavic2,none,0.30,0.005,unassigned,0.000000,0.000000,0.00,10
slavic2,none,0.30,0.015,Carpatho-Balkan Interior,0.264267,0.102966,4330.30,10
slavic2,none,0.30,0.015,Pannonian Plain,0.635309,0.207296,690.30,10
slavic2,none,0.30,0.015,Aegean Littoral,0.045621,0.037961,1430.20,10
slavic2,none,0.30,0.015,Peloponnese,0.038278,0.026092,138.30,10
slavic2,none,0.30,0.015,Albanian Highlands,0.143719,0.189760,623.80,10
slavic2,none,0.30,0.015,Adriatic Coastal,0.189114,0.200222,495.30,10
slavic2,none,0.30,0.015,Lower Danubian Frontier,0.958704,0.036790,1610.30,10
slavic2,none,0.30,0.015,unassigned,0.000000,0.000000,0.00,10
slavic2,none,0.30,0.030,Carpatho-Balkan Interior,0.197316,0.091514,3940.10,10
slavic2,none,0.30,0.030,Pannonian Plain,0.576267,0.270905,701.00,10
slavic2,none,0.30,0.030,Aegean Littoral,0.003439,0.003523,1560.40,10
slavic2,none,0.30,0.030,Peloponnese,0.000909,0.002875,154.20,10
slavic2,none,0.30,0.030,Albanian Highlands,0.001865,0.003473,550.20,10
slavic2,none,0.30,0.030,Adriatic Coastal,0.040140,0.125511,342.80,10
slavic2,none,0.30,0.030,Lower Danubian Frontier,0.939440,0.043850,1492.50,10
slavic2,none,0.30,0.030,unassigned,0.000000,0.000000,0.00,10
slavic2,none,0.30,0.045,Carpatho-Balkan Interior,0.068297,0.051333,3938.30,10
slavic2,none,0.30,0.045,Pannonian Plain,0.301445,0.276702,509.90,10
slavic2,none,0.30,0.045,Aegean Littoral,0.000055,0.000173,1416.30,10
slavic2,none,0.30,0.045,Peloponnese,0.000000,0.000000,166.50,10
slavic2,none,0.30,0.045,Albanian Highlands,0.000000,0.000000,508.30,10
slavic2,none,0.30,0.045,Adriatic Coastal,0.000000,0.000000,477.70,10
slavic2,none,0.30,0.045,Lower Danubian Frontier,0.887567,0.084269,1269.80,10
slavic2,none,0.30,0.045,unassigned,0.000000,0.000000,0.00,10
slavic2,uniform,0.10,0.000,Carpatho-Balkan Interior,0.916836,0.024957,6648.60,10
slavic2,uniform,0.10,0.000,Pannonian Plain,0.858814,0.116906,806.10,10
slavic2,uniform,0.10,0.000,Aegean Littoral,0.944819,0.009730,2719.90,10
slavic2,uniform,0.10,0.000,Peloponnese,0.969656,0.024409,454.60,10
slavic2,uniform,0.10,0.000,Albanian Highlands,0.978088,0.019210,1031.10,10
slavic2,uniform,0.10,0.000,Adriatic Coastal,0.966000,0.022649,777.20,10
slavic2,uniform,0.10,0.000,Lower Danubian Frontier,0.988545,0.006229,1542.40,10
slavic2,uniform,0.10,0.000,unassigned,0.000000,0.000000,0.00,10
slavic2,uniform,0.10,0.005,Carpatho-Balkan Interior,0.841209,0.062947,6179.90,10
slavic2,uniform,0.10,0.005,Pannonian Plain,0.788446,0.152721,711.70,10
slavic2,uniform,0.10,0.005,Aegean Littoral,0.832057,0.066413,2439.00,10
slavic2,uniform,0.10,0.005,Peloponnese,0.862890,0.173611,320.10,10
slavic2,uniform,0.10,0.005,Albanian Highlands,0.972192,0.018945,1077.70,10
slavic2,uniform,0.10,0.005,Adriatic Coastal,0.955091,0.019625,689.20,10
slavic2,uniform,0.10,0.005,Lower Danubian Frontier,0.976878,0.023601,1477.60,10
slavic2,uniform,0.10,0.005,unassigned,0.000000,0.000000,0.00,10
slavic2,uniform,0.10,0.015,Carpatho-Balkan Interior,0.458255,0.092773,4668.20,10
slavic2,uniform,0.10,0.015,Pannonian Plain,0.625473,0.245323,816.30,10
slavic2,uniform,0.10,0.015,Aegean Littoral,0.104480,0.086773,1641.70,10
slavic2,uniform,0.10,0.015,Peloponnese,0.124463,0.282925,264.20,10
slavic2,uniform,0.10,0.015,Albanian Highlands,0.492417,0.382178,671.70,10
slavic2,uniform,0.10,0.015,Adriatic Coastal,0.446311,0.343759,545.80,10
slavic2,uniform,0.10,0.015,Lower Danubian Frontier,0.979775,0.013110,1616.50,10
slavic2,uniform,0.10,0.015,unassigned,0.000000,0.000000,0.00,10
slavic2,uniform,0.10,0.030,Carpatho-Balkan Interior,0.173616,0.082889,4139.40,10
slavic2,uniform,0.10,0.030,Pannonian Plain,0.530373,0.242507,745.80,10
slavic2,uniform,0.10,0.030,Aegean Littoral,0.005239,0.011905,1431.40,10
slavic2,uniform,0.10,0.030,Peloponnese,0.000000,0.000000,154.80,10
slavic2,uniform,0.10,0.030,Albanian Highlands,0.001768,0.003405,533.90,10
slavic2,uniform,0.10,0.030,Adriatic Coastal,0.001347,0.002961,433.70,10
slavic2,uniform,0.10,0.030,Lower Danubian Frontier,0.924771,0.047756,1462.50,10
slavic2,uniform,0.10,0.030,unassigned,0.000000,0.000000,0.00,10
slavic2,uniform,0.10,0.045,Carpatho-Balkan Interior,0.160271,0.106940,3969.50,10
slavic2,uniform,0.10,0.045,Pannonian Plain,0.341078,0.261839,461.50,10
slavic2,uniform,0.10,0.045,Aegean Littoral,0.001111,0.003514,1540.30,10
slavic2,uniform,0.10,0.045,Peloponnese,0.000000,0.000000,181.90,10
slavic2,uniform,0.10,0.045,Albanian Highlands,0.000000,0.000000,557.90,10
slavic2,uniform,0.10,0.045,Adriatic Coastal,0.000187,0.000592,346.20,10
slavic2,uniform,0.10,0.045,Lower Danubian Frontier,0.945820,0.030617,1369.40,10
slavic2,uniform,0.10,0.045,unassigned,0.000000,0.000000,0.00,10
slavic2,uniform,0.20,0.000,Carpatho-Balkan Interior,0.949042,0.008107,6759.50,10
slavic2,uniform,0.20,0.000,Pannonian Plain,0.880374,0.119450,796.20,10
slavic2,uniform,0.20,0.000,Aegean Littoral,0.964183,0.016543,2724.10,10
slavic2,uniform,0.20,0.000,Peloponnese,0.972626,0.028454,309.10,10
slavic2,uniform,0.20,0.000,Albanian Highlands,0.985481,0.008782,1024.70,10
slavic2,uniform,0.20,0.000,Adriatic Coastal,0.986080,0.009797,831.20,10
slavic2,uniform,0.20,0.000,Lower Danubian Frontier,0.977302,0.015489,1540.70,10
slavic2,uniform,0.20,0.000,unassigned,0.000000,0.000000,0.00,10
slavic2,uniform,0.20,0.005,Carpatho-Balkan Interior,0.935454,0.023476,6346.50,10
slavic2,uniform,0.20,0.005,Pannonian Plain,0.866704,0.117860,798.80,10
slavic2,uniform,0.20,0.005,Aegean Littoral,0.899334,0.094796,2567.40,10
slavic2,uniform,0.20,0.005,Peloponnese,0.898732,0.179525,350.80,10
slavic2,uniform,0.20,0.005,Albanian Highlands,0.930392,0.153571,1113.70,10
slavic2,uniform,0.20,0.005,Adriatic Coastal,0.963093,0.032507,879.40,10
slavic2,uniform,0.20,0.005,Lower Danubian Frontier,0.977867,0.016378,1390.00,10
slavic2,uniform,0.20,0.005,unassigned,0.000000,0.000000,0.00,10
slavic2,uniform,0.20,0.015,Carpatho-Balkan Interior,0.621162,0.127289,5720.30,10
slavic2,uniform,0.20,0.015,Pannonian Plain,0.656935,0.218044,619.90,10
slavic2,uniform,0.20,0.015,Aegean Littoral,0.315955,0.217132,1910.00,10
slavic2,uniform,0.20,0.015,Peloponnese,0.214445,0.397916,211.90,10
slavic2,uniform,0.20,0.015,Albanian Highlands,0.909031,0.117155,872.50,10
slavic2,uniform,0.20,0.015,Adriatic Coastal,0.617086,0.374334,527.20,10
slavic2,uniform,0.20,0.015,Lower Danubian Frontier,0.970796,0.023237,1408.10,10
slavic2,uniform,0.20,0.015,unassigned,0.000000,0.000000,0.00,10
slavic2,uniform,0.20,0.030,Carpatho-Balkan Interior,0.310297,0.096723,4452.50,10
slavic2,uniform,0.20,0.030,Pannonian Plain,0.461298,0.325481,503.30,10
slavic2,uniform,0.20,0.030,Aegean Littoral,0.037003,0.069813,1453.00,10
slavic2,uniform,0.20,0.030,Peloponnese,0.000000,0.000000,179.70,10
slavic2,uniform,0.20,0.030,Albanian Highlands,0.003238,0.005339,629.00,10
slavic2,uniform,0.20,0.030,Adriatic Coastal,0.084865,0.245637,392.00,10
slavic2,uniform,0.20,0.030,Lower Danubian Frontier,0.944336,0.047551,1215.50,10
slavic2,uniform,0.20,0.030,unassigned,0.000000,0.000000,0.00,10
slavic2,uniform,0.20,0.045,Carpatho-Balkan Interior,0.199520,0.103725,4138.00,10
slavic2,uniform,0.20,0.045,Pannonian Plain,0.380091,0.287736,570.20,10
slavic2,uniform,0.20,0.045,Aegean Littoral,0.000637,0.002014,1558.50,10
slavic2,uniform,0.20,0.045,Peloponnese,0.000000,0.000000,191.10,10
slavic2,uniform,0.20,0.045,Albanian Highlands,0.000153,0.000484,504.90,10
slavic2,uniform,0.20,0.045,Adriatic Coastal,0.000000,0.000000,387.10,10
slavic2,uniform,0.20,0.045,Lower Danubian Frontier,0.952745,0.053651,1520.10,10
slavic2,uniform,0.20,0.045,unassigned,0.000000,0.000000,0.00,10
slavic2,uniform,0.30,0.000,Carpatho-Balkan Interior,0.965465,0.007735,6660.30,10
slavic2,uniform,0.30,0.000,Pannonian Plain,0.922096,0.046686,875.90,10
slavic2,uniform,0.30,0.000,Aegean Littoral,0.976701,0.009965,2575.60,10
slavic2,uniform,0.30,0.000,Peloponnese,0.979526,0.019569,356.30,10
slavic2,uniform,0.30,0.000,Albanian Highlands,0.981523,0.011767,970.00,10
slavic2,uniform,0.30,0.000,Adriatic Coastal,0.980252,0.021394,619.20,10
slavic2,uniform,0.30,0.000,Lower Danubian Frontier,0.982945,0.009174,1436.20,10
slavic2,uniform,0.30,0.000,unassigned,0.000000,0.000000,0.00,10
slavic2,uniform,0.30,0.005,Carpatho-Balkan Interior,0.962011,0.007120,6924.00,10
slavic2,uniform,0.30,0.005,Pannonian Plain,0.811080,0.232109,803.70,10
slavic2,uniform,0.30,0.005,Aegean Littoral,0.961446,0.031638,2675.90,10
slavic2,uniform,0.30,0.005,Peloponnese,0.946531,0.064659,291.60,10
slavic2,uniform,0.30,0.005,Albanian Highlands,0.982393,0.014238,1085.40,10
slavic2,uniform,0.30,0.005,Adriatic Coastal,0.976162,0.018436,771.80,10
slavic2,uniform,0.30,0.005,Lower Danubian Frontier,0.988414,0.007524,1363.20,10
slavic2,uniform,0.30,0.005,unassigned,0.000000,0.000000,0.00,10
slavic2,uniform,0.30,0.015,Carpatho-Balkan Interior,0.904873,0.088742,7047.70,10
slavic2,uniform,0.30,0.015,Pannonian Plain,0.623825,0.227055,629.10,10
slavic2,uniform,0.30,0.015,Aegean Littoral,0.666910,0.134599,2246.20,10
slavic2,uniform,0.30,0.015,Peloponnese,0.263852,0.351024,226.60,10
slavic2,uniform,0.30,0.015,Albanian Highlands,0.949531,0.083995,1110.00,10
slavic2,uniform,0.30,0.015,Adriatic Coastal,0.895858,0.138536,691.40,10
slavic2,uniform,0.30,0.015,Lower Danubian Frontier,0.981688,0.025037,1740.00,10
slavic2,uniform,0.30,0.015,unassigned,0.000000,0.000000,0.00,10
slavic2,uniform,0.30,0.030,Carpatho-Balkan Interior,0.501157,0.124309,4970.40,10
slavic2,uniform,0.30,0.030,Pannonian Plain,0.477577,0.275708,681.10,10
slavic2,uniform,0.30,0.030,Aegean Littoral,0.052775,0.125947,1584.30,10
slavic2,uniform,0.30,0.030,Peloponnese,0.001351,0.003133,177.10,10
slavic2,uniform,0.30,0.030,Albanian Highlands,0.157105,0.322794,680.00,10
slavic2,uniform,0.30,0.030,Adriatic Coastal,0.143804,0.298551,434.70,10
slavic2,uniform,0.30,0.030,Lower Danubian Frontier,0.981076,0.008842,1509.90,10
slavic2,uniform,0.30,0.030,unassigned,0.000000,0.000000,0.00,10
slavic2,uniform,0.30,0.045,Carpatho-Balkan Interior,0.294530,0.152186,4179.60,10
slavic2,uniform,0.30,0.045,Pannonian Plain,0.497256,0.323432,561.30,10
slavic2,uniform,0.30,0.045,Aegean Littoral,0.018197,0.035747,1347.80,10
slavic2,uniform,0.30,0.045,Peloponnese,0.000000,0.000000,141.30,10
slavic2,uniform,0.30,0.045,Albanian Highlands,0.000169,0.000535,528.20,10
slavic2,uniform,0.30,0.045,Adriatic Coastal,0.000000,0.000000,410.10,10
slavic2,uniform,0.30,0.045,Lower Danubian Frontier,0.954966,0.049313,1304.50,10
slavic2,uniform,0.30,0.045,unassigned,0.000000,0.000000,0.00,10
slavic2,uniform,0.40,0.000,Carpatho-Balkan Interior,0.975235,0.004638,6752.90,10
slavic2,uniform,0.40,0.000,Pannonian Plain,0.942339,0.034164,832.10,10
slavic2,uniform,0.40,0.000,Aegean Littoral,0.976229,0.018056,2492.30,10
slavic2,uniform,0.40,0.000,Peloponnese,0.986159,0.033545,348.60,10
slavic2,uniform,0.40,0.000,Albanian Highlands,0.988815,0.010014,993.50,10
slavic2,uniform,0.40,0.000,Adriatic Coastal,0.989098,0.008776,739.70,10
slavic2,uniform,0.40,0.000,Lower Danubian Frontier,0.987830,0.008799,1549.50,10
slavic2,uniform,0.40,0.000,unassigned,0.000000,0.000000,0.00,10
slavic2,uniform,0.40,0.005,Carpatho-Balkan Interior,0.979134,0.006705,7081.00,10
slavic2,uniform,0.40,0.005,Pannonian Plain,0.843819,0.136472,748.60,10
slavic2,uniform,0.40,0.005,Aegean Littoral,0.979402,0.007561,2730.50,10
slavic2,uniform,0.40,0.005,Peloponnese,0.983778,0.020704,268.30,10
slavic2,uniform,0.40,0.005,Albanian Highlands,0.991707,0.006030,1088.40,10
slavic2,uniform,0.40,0.005,Adriatic Coastal,0.983181,0.015027,687.80,10
slavic2,uniform,0.40,0.005,Lower Danubian Frontier,0.986496,0.012512,1411.30,10
slavic2,uniform,0.40,0.005,unassigned,0.000000,0.000000,0.00,10
slavic2,uniform,0.40,0.015,Carpatho-Balkan Interior,0.979362,0.007522,7051.30,10
slavic2,uniform,0.40,0.015,Pannonian Plain,0.773477,0.193083,782.00,10
slavic2,uniform,0.40,0.015,Aegean Littoral,0.884174,0.100124,2573.90,10
slavic2,uniform,0.40,0.015,Peloponnese,0.919185,0.176195,323.90,10
slavic2,uniform,0.40,0.015,Albanian Highlands,0.985552,0.008912,920.60,10
slavic2,uniform,0.40,0.015,Adriatic Coastal,0.921779,0.146652,723.00,10
slavic2,uniform,0.40,0.015,Lower Danubian Frontier,0.981442,0.006748,1591.30,10
slavic2,uniform,0.40,0.015,unassigned,0.000000,0.000000,0.00,10
slavic2,uniform,0.40,0.030,Carpatho-Balkan Interior,0.930739,0.059464,6619.30,10
slavic2,uniform,0.40,0.030,Pannonian Plain,0.547743,0.335379,687.60,10
slavic2,uniform,0.40,0.030,Aegean Littoral,0.524120,0.214750,1922.30,10
slavic2,uniform,0.40,0.030,Peloponnese,0.307326,0.476438,207.10,10
slavic2,uniform,0.40,0.030,Albanian Highlands,0.982262,0.019986,1046.70,10
slavic2,uniform,0.40,0.030,Adriatic Coastal,0.453943,0.468105,545.10,10
slavic2,uniform,0.40,0.030,Lower Danubian Frontier,0.980330,0.028796,1353.20,10
slavic2,uniform,0.40,0.030,unassigned,0.000000,0.000000,0.00,10
slavic2,uniform,0.40,0.045,Carpatho-Balkan Interior,0.757136,0.111904,5868.40,10
slavic2,uniform,0.40,0.045,Pannonian Plain,0.522838,0.335440,530.40,10
slavic2,uniform,0.40,0.045,Aegean Littoral,0.219080,0.227771,1725.30,10
slavic2,uniform,0.40,0.045,Peloponnese,0.100000,0.316228,145.60,10
slavic2,uniform,0.40,0.045,Albanian Highlands,0.377635,0.361917,710.80,10
slavic2,uniform,0.40,0.045,Adriatic Coastal,0.242289,0.399911,405.20,10
slavic2,uniform,0.40,0.045,Lower Danubian Frontier,0.978760,0.024257,1618.30,10
slavic2,uniform,0.40,0.045,unassigned,0.000000,0.000000,0.00,10
slavic2,cbi_only,0.10,0.000,Carpatho-Balkan Interior,0.917109,0.030752,6513.60,10
slavic2,cbi_only,0.10,0.000,Pannonian Plain,0.894409,0.117290,948.90,10
slavic2,cbi_only,0.10,0.000,Aegean Littoral,0.927851,0.019280,2522.50,10
slavic2,cbi_only,0.10,0.000,Peloponnese,0.948480,0.055042,262.80,10
slavic2,cbi_only,0.10,0.000,Albanian Highlands,0.971173,0.016421,942.50,10
slavic2,cbi_only,0.10,0.000,Adriatic Coastal,0.964251,0.018597,671.80,10
slavic2,cbi_only,0.10,0.000,Lower Danubian Frontier,0.973913,0.026645,1426.80,10
slavic2,cbi_only,0.10,0.000,unassigned,0.000000,0.000000,0.00,10
slavic2,cbi_only,0.10,0.005,Carpatho-Balkan Interior,0.812017,0.072362,6020.30,10
slavic2,cbi_only,0.10,0.005,Pannonian Plain,0.748507,0.188302,655.10,10
slavic2,cbi_only,0.10,0.005,Aegean Littoral,0.806616,0.088297,2438.60,10
slavic2,cbi_only,0.10,0.005,Peloponnese,0.866735,0.195649,322.20,10
slavic2,cbi_only,0.10,0.005,Albanian Highlands,0.947456,0.034908,866.40,10
slavic2,cbi_only,0.10,0.005,Adriatic Coastal,0.957014,0.024257,632.60,10
slavic2,cbi_only,0.10,0.005,Lower Danubian Frontier,0.978062,0.010043,1536.70,10
slavic2,cbi_only,0.10,0.005,unassigned,0.000000,0.000000,0.00,10
slavic2,cbi_only,0.10,0.015,Carpatho-Balkan Interior,0.441931,0.140858,4942.00,10
slavic2,cbi_only,0.10,0.015,Pannonian Plain,0.497423,0.262665,553.90,10
slavic2,cbi_only,0.10,0.015,Aegean Littoral,0.158649,0.190351,1527.00,10
slavic2,cbi_only,0.10,0.015,Peloponnese,0.026467,0.042878,141.80,10
slavic2,cbi_only,0.10,0.015,Albanian Highlands,0.460881,0.408340,751.40,10
slavic2,cbi_only,0.10,0.015,Adriatic Coastal,0.334678,0.331375,417.00,10
slavic2,cbi_only,0.10,0.015,Lower Danubian Frontier,0.970773,0.027304,1570.10,10
slavic2,cbi_only,0.10,0.015,unassigned,0.000000,0.000000,0.00,10
slavic2,cbi_only,0.10,0.030,Carpatho-Balkan Interior,0.278791,0.085469,4470.70,10
slavic2,cbi_only,0.10,0.030,Pannonian Plain,0.624279,0.334045,699.90,10
slavic2,cbi_only,0.10,0.030,Aegean Littoral,0.004431,0.005147,1563.70,10
slavic2,cbi_only,0.10,0.030,Peloponnese,0.000000,0.000000,122.60,10
slavic2,cbi_only,0.10,0.030,Albanian Highlands,0.001958,0.003291,542.10,10
slavic2,cbi_only,0.10,0.030,Adriatic Coastal,0.001559,0.002948,416.70,10
slavic2,cbi_only,0.10,0.030,Lower Danubian Frontier,0.939490,0.051634,1553.20,10
slavic2,cbi_only,0.10,0.030,unassigned,0.000000,0.000000,0.00,10
slavic2,cbi_only,0.10,0.045,Carpatho-Balkan Interior,0.128926,0.081217,4004.80,10
slavic2,cbi_only,0.10,0.045,Pannonian Plain,0.479086,0.302268,497.30,10
slavic2,cbi_only,0.10,0.045,Aegean Littoral,0.000000,0.000000,1453.30,10
slavic2,cbi_only,0.10,0.045,Peloponnese,0.000000,0.000000,231.40,10
slavic2,cbi_only,0.10,0.045,Albanian Highlands,0.000000,0.000000,563.20,10
slavic2,cbi_only,0.10,0.045,Adriatic Coastal,0.000000,0.000000,317.30,10
slavic2,cbi_only,0.10,0.045,Lower Danubian Frontier,0.883551,0.106364,1345.50,10
slavic2,cbi_only,0.10,0.045,unassigned,0.000000,0.000000,0.00,10
slavic2,cbi_only,0.20,0.000,Carpatho-Balkan Interior,0.951153,0.008992,6616.70,10
slavic2,cbi_only,0.20,0.000,Pannonian Plain,0.910971,0.065719,822.20,10
slavic2,cbi_only,0.20,0.000,Aegean Littoral,0.939217,0.016028,2582.60,10
slavic2,cbi_only,0.20,0.000,Peloponnese,0.971378,0.035608,318.90,10
slavic2,cbi_only,0.20,0.000,Albanian Highlands,0.976347,0.008415,1075.80,10
slavic2,cbi_only,0.20,0.000,Adriatic Coastal,0.899114,0.187223,781.10,10
slavic2,cbi_only,0.20,0.000,Lower Danubian Frontier,0.983194,0.008773,1463.10,10
slavic2,cbi_only,0.20,0.000,unassigned,0.000000,0.000000,0.00,10
slavic2,cbi_only,0.20,0.005,Carpatho-Balkan Interior,0.922641,0.020981,6407.40,10
slavic2,cbi_only,0.20,0.005,Pannonian Plain,0.781467,0.210630,761.70,10
slavic2,cbi_only,0.20,0.005,Aegean Littoral,0.843301,0.086207,2193.10,10
slavic2,cbi_only,0.20,0.005,Peloponnese,0.780708,0.308329,216.30,10
slavic2,cbi_only,0.20,0.005,Albanian Highlands,0.971041,0.013301,1081.20,10
slavic2,cbi_only,0.20,0.005,Adriatic Coastal,0.944589,0.101726,691.70,10
slavic2,cbi_only,0.20,0.005,Lower Danubian Frontier,0.973801,0.019101,1518.00,10
slavic2,cbi_only,0.20,0.005,unassigned,0.000000,0.000000,0.00,10
slavic2,cbi_only,0.20,0.015,Carpatho-Balkan Interior,0.614939,0.159965,5337.90,10
slavic2,cbi_only,0.20,0.015,Pannonian Plain,0.512926,0.271520,729.30,10
slavic2,cbi_only,0.20,0.015,Aegean Littoral,0.063009,0.041252,1664.20,10
slavic2,cbi_only,0.20,0.015,Peloponnese,0.027194,0.035533,159.00,10
slavic2,cbi_only,0.20,0.015,Albanian Highlands,0.553920,0.402336,865.10,10
slavic2,cbi_only,0.20,0.015,Adriatic Coastal,0.263981,0.277787,439.60,10
slavic2,cbi_only,0.20,0.015,Lower Danubian Frontier,0.986961,0.008061,1581.90,10
slavic2,cbi_only,0.20,0.015,unassigned,0.000000,0.000000,0.00,10
slavic2,cbi_only,0.20,0.030,Carpatho-Balkan Interior,0.352273,0.078075,4667.90,10
slavic2,cbi_only,0.20,0.030,Pannonian Plain,0.326467,0.244664,563.70,10
slavic2,cbi_only,0.20,0.030,Aegean Littoral,0.006534,0.008467,1511.90,10
slavic2,cbi_only,0.20,0.030,Peloponnese,0.000000,0.000000,175.10,10
slavic2,cbi_only,0.20,0.030,Albanian Highlands,0.001918,0.003943,535.70,10
slavic2,cbi_only,0.20,0.030,Adriatic Coastal,0.004968,0.005787,406.50,10
slavic2,cbi_only,0.20,0.030,Lower Danubian Frontier,0.977108,0.020634,1409.70,10
slavic2,cbi_only,0.20,0.030,unassigned,0.000000,0.000000,0.00,10
slavic2,cbi_only,0.20,0.045,Carpatho-Balkan Interior,0.204324,0.098514,4392.50,10
slavic2,cbi_only,0.20,0.045,Pannonian Plain,0.316381,0.283697,460.20,10
slavic2,cbi_only,0.20,0.045,Aegean Littoral,0.003100,0.008751,1470.70,10
slavic2,cbi_only,0.20,0.045,Peloponnese,0.000000,0.000000,177.30,10
slavic2,cbi_only,0.20,0.045,Albanian Highlands,0.000000,0.000000,517.50,10
slavic2,cbi_only,0.20,0.045,Adriatic Coastal,0.000000,0.000000,393.90,10
slavic2,cbi_only,0.20,0.045,Lower Danubian Frontier,0.935038,0.066698,1523.30,10
slavic2,cbi_only,0.20,0.045,unassigned,0.000000,0.000000,0.00,10
slavic2,cbi_only,0.30,0.000,Carpatho-Balkan Interior,0.967652,0.008516,7097.70,10
slavic2,cbi_only,0.30,0.000,Pannonian Plain,0.894569,0.100984,826.50,10
slavic2,cbi_only,0.30,0.000,Aegean Littoral,0.933079,0.026194,2722.60,10
slavic2,cbi_only,0.30,0.000,Peloponnese,0.927391,0.037198,338.70,10
slavic2,cbi_only,0.30,0.000,Albanian Highlands,0.962034,0.028906,966.00,10
slavic2,cbi_only,0.30,0.000,Adriatic Coastal,0.955909,0.037512,742.00,10
slavic2,cbi_only,0.30,0.000,Lower Danubian Frontier,0.981311,0.008403,1497.70,10
slavic2,cbi_only,0.30,0.000,unassigned,0.000000,0.000000,0.00,10
slavic2,cbi_only,0.30,0.005,Carpatho-Balkan Interior,0.966220,0.006594,7107.40,10
slavic2,cbi_only,0.30,0.005,Pannonian Plain,0.891147,0.077788,772.60,10
slavic2,cbi_only,0.30,0.005,Aegean Littoral,0.760804,0.167178,2346.90,10
slavic2,cbi_only,0.30,0.005,Peloponnese,0.666691,0.362098,273.60,10
slavic2,cbi_only,0.30,0.005,Albanian Highlands,0.951840,0.040240,1007.20,10
slavic2,cbi_only,0.30,0.005,Adriatic Coastal,0.963226,0.022091,662.60,10
slavic2,cbi_only,0.30,0.005,Lower Danubian Frontier,0.984412,0.008218,1692.90,10
slavic2,cbi_only,0.30,0.005,unassigned,0.000000,0.000000,0.00,10
slavic2,cbi_only,0.30,0.015,Carpatho-Balkan Interior,0.898416,0.058773,6707.50,10
slavic2,cbi_only,0.30,0.015,Pannonian Plain,0.687357,0.243750,652.40,10
slavic2,cbi_only,0.30,0.015,Aegean Littoral,0.165025,0.097564,1660.70,10
slavic2,cbi_only,0.30,0.015,Peloponnese,0.047533,0.046905,215.90,10
slavic2,cbi_only,0.30,0.015,Albanian Highlands,0.313852,0.382707,635.60,10
slavic2,cbi_only,0.30,0.015,Adriatic Coastal,0.339234,0.384598,507.60,10
slavic2,cbi_only,0.30,0.015,Lower Danubian Frontier,0.986111,0.013962,1429.30,10
slavic2,cbi_only,0.30,0.015,unassigned,0.000000,0.000000,0.00,10
slavic2,cbi_only,0.30,0.030,Carpatho-Balkan Interior,0.449316,0.122300,4892.80,10
slavic2,cbi_only,0.30,0.030,Pannonian Plain,0.617559,0.229054,689.70,10
slavic2,cbi_only,0.30,0.030,Aegean Littoral,0.013310,0.017211,1394.40,10
slavic2,cbi_only,0.30,0.030,Peloponnese,0.001933,0.004950,155.60,10
slavic2,cbi_only,0.30,0.030,Albanian Highlands,0.003387,0.004227,518.10,10
slavic2,cbi_only,0.30,0.030,Adriatic Coastal,0.000569,0.001799,391.70,10
slavic2,cbi_only,0.30,0.030,Lower Danubian Frontier,0.976104,0.016587,1610.50,10
slavic2,cbi_only,0.30,0.030,unassigned,0.000000,0.000000,0.00,10
slavic2,cbi_only,0.30,0.045,Carpatho-Balkan Interior,0.338852,0.120369,4439.80,10
slavic2,cbi_only,0.30,0.045,Pannonian Plain,0.534819,0.286086,760.40,10
slavic2,cbi_only,0.30,0.045,Aegean Littoral,0.000556,0.001213,1378.60,10
slavic2,cbi_only,0.30,0.045,Peloponnese,0.000000,0.000000,169.60,10
slavic2,cbi_only,0.30,0.045,Albanian Highlands,0.000000,0.000000,592.30,10
slavic2,cbi_only,0.30,0.045,Adriatic Coastal,0.000000,0.000000,351.90,10
slavic2,cbi_only,0.30,0.045,Lower Danubian Frontier,0.948438,0.063784,1387.50,10
slavic2,cbi_only,0.30,0.045,unassigned,0.000000,0.000000,0.00,10
slavic2,cbi_only,0.40,0.000,Carpatho-Balkan Interior,0.978317,0.004820,7119.80,10
slavic2,cbi_only,0.40,0.000,Pannonian Plain,0.917833,0.054756,883.20,10
slavic2,cbi_only,0.40,0.000,Aegean Littoral,0.937287,0.014356,2484.80,10
slavic2,cbi_only,0.40,0.000,Peloponnese,0.950985,0.046544,264.30,10
slavic2,cbi_only,0.40,0.000,Albanian Highlands,0.978296,0.010534,1029.30,10
slavic2,cbi_only,0.40,0.000,Adriatic Coastal,0.965437,0.010316,720.00,10
slavic2,cbi_only,0.40,0.000,Lower Danubian Frontier,0.981873,0.012780,1386.30,10
slavic2,cbi_only,0.40,0.000,unassigned,0.000000,0.000000,0.00,10
slavic2,cbi_only,0.40,0.005,Carpatho-Balkan Interior,0.977055,0.008110,6946.50,10
slavic2,cbi_only,0.40,0.005,Pannonian Plain,0.776289,0.178142,838.20,10
slavic2,cbi_only,0.40,0.005,Aegean Littoral,0.841443,0.091004,2136.00,10
slavic2,cbi_only,0.40,0.005,Peloponnese,0.842274,0.229621,234.80,10
slavic2,cbi_only,0.40,0.005,Albanian Highlands,0.969026,0.014152,935.20,10
slavic2,cbi_only,0.40,0.005,Adriatic Coastal,0.942801,0.061825,668.80,10
slavic2,cbi_only,0.40,0.005,Lower Danubian Frontier,0.982834,0.011777,1450.60,10
slavic2,cbi_only,0.40,0.005,unassigned,0.000000,0.000000,0.00,10
slavic2,cbi_only,0.40,0.015,Carpatho-Balkan Interior,0.956277,0.035293,6960.90,10
slavic2,cbi_only,0.40,0.015,Pannonian Plain,0.610688,0.292411,593.60,10
slavic2,cbi_only,0.40,0.015,Aegean Littoral,0.321227,0.144409,1793.70,10
slavic2,cbi_only,0.40,0.015,Peloponnese,0.026766,0.022796,162.40,10
slavic2,cbi_only,0.40,0.015,Albanian Highlands,0.668810,0.273906,719.80,10
slavic2,cbi_only,0.40,0.015,Adriatic Coastal,0.435421,0.365528,474.00,10
slavic2,cbi_only,0.40,0.015,Lower Danubian Frontier,0.985467,0.008026,1339.30,10
slavic2,cbi_only,0.40,0.015,unassigned,0.000000,0.000000,0.00,10
slavic2,cbi_only,0.40,0.030,Carpatho-Balkan Interior,0.913872,0.064394,6149.10,10
slavic2,cbi_only,0.40,0.030,Pannonian Plain,0.511882,0.191071,709.00,10
slavic2,cbi_only,0.40,0.030,Aegean Littoral,0.041507,0.034164,1428.20,10
slavic2,cbi_only,0.40,0.030,Peloponnese,0.001087,0.003437,205.50,10
slavic2,cbi_only,0.40,0.030,Albanian Highlands,0.139593,0.149067,559.50,10
slavic2,cbi_only,0.40,0.030,Adriatic Coastal,0.002058,0.004589,415.40,10
slavic2,cbi_only,0.40,0.030,Lower Danubian Frontier,0.980769,0.013103,1434.60,10
slavic2,cbi_only,0.40,0.030,unassigned,0.000000,0.000000,0.00,10
slavic2,cbi_only,0.40,0.045,Carpatho-Balkan Interior,0.784145,0.126664,5795.40,10
slavic2,cbi_only,0.40,0.045,Pannonian Plain,0.457165,0.311983,626.70,10
slavic2,cbi_only,0.40,0.045,Aegean Littoral,0.009529,0.012994,1445.80,10
slavic2,cbi_only,0.40,0.045,Peloponnese,0.001714,0.005421,207.70,10
slavic2,cbi_only,0.40,0.045,Albanian Highlands,0.008669,0.016665,558.30,10
slavic2,cbi_only,0.40,0.045,Adriatic Coastal,0.000000,0.000000,356.30,10
slavic2,cbi_only,0.40,0.045,Lower Danubian Frontier,0.980244,0.022771,1392.90,10
slavic2,cbi_only,0.40,0.045,unassigned,0.000000,0.000000,0.00,10
slavic3,none,0.30,0.000,Carpatho-Balkan Interior,0.995679,0.000397,17419.80,10
slavic3,none,0.30,0.000,Pannonian Plain,0.997343,0.001807,1649.40,10
slavic3,none,0.30,0.000,Aegean Littoral,0.996367,0.001657,7007.10,10
slavic3,none,0.30,0.000,Peloponnese,0.999455,0.001382,822.20,10
slavic3,none,0.30,0.000,Albanian Highlands,0.998815,0.001091,2680.90,10
slavic3,none,0.30,0.000,Adriatic Coastal,0.997579,0.002858,1755.20,10
slavic3,none,0.30,0.000,Lower Danubian Frontier,0.999106,0.000693,3250.10,10
slavic3,none,0.30,0.000,unassigned,0.000000,0.000000,0.00,10
slavic3,none,0.30,0.005,Carpatho-Balkan Interior,0.995559,0.001125,16102.30,10
slavic3,none,0.30,0.005,Pannonian Plain,0.991264,0.007716,1667.00,10
slavic3,none,0.30,0.005,Aegean Littoral,0.996376,0.001187,6546.50,10
slavic3,none,0.30,0.005,Peloponnese,0.993389,0.009767,812.70,10
slavic3,none,0.30,0.005,Albanian Highlands,0.999310,0.000836,2726.40,10
slavic3,none,0.30,0.005,Adriatic Coastal,0.999259,0.001044,1987.80,10
slavic3,none,0.30,0.005,Lower Danubian Frontier,0.998068,0.001752,3483.90,10
slavic3,none,0.30,0.005,unassigned,0.000000,0.000000,0.00,10
slavic3,none,0.30,0.015,Carpatho-Balkan Interior,0.990823,0.004937,15838.50,10
slavic3,none,0.30,0.015,Pannonian Plain,0.899241,0.169053,1371.00,10
slavic3,none,0.30,0.015,Aegean Littoral,0.905982,0.072508,5494.30,10
slavic3,none,0.30,0.015,Peloponnese,0.761247,0.402538,602.10,10
slavic3,none,0.30,0.015,Albanian Highlands,0.998163,0.001968,2871.60,10
slavic3,none,0.30,0.015,Adriatic Coastal,0.974916,0.074312,1877.50,10
slavic3,none,0.30,0.015,Lower Danubian Frontier,0.999283,0.000922,3062.40,10
slavic3,none,0.30,0.015,unassigned,0.000000,0.000000,0.00,10
slavic3,none,0.30,0.030,Carpatho-Balkan Interior,0.801441,0.095408,10852.70,10
slavic3,none,0.30,0.030,Pannonian Plain,0.902258,0.126628,1266.80,10
slavic3,none,0.30,0.030,Aegean Littoral,0.138432,0.177258,2226.70,10
slavic3,none,0.30,0.030,Peloponnese,0.101570,0.314669,353.60,10
slavic3,none,0.30,0.030,Albanian Highlands,0.650665,0.456630,1835.40,10
slavic3,none,0.30,0.030,Adriatic Coastal,0.442227,0.469513,929.40,10
slavic3,none,0.30,0.030,Lower Danubian Frontier,0.997619,0.003546,3354.40,10
slavic3,none,0.30,0.030,unassigned,0.000000,0.000000,0.00,10
slavic3,none,0.30,0.045,Carpatho-Balkan Interior,0.566645,0.144962,7974.10,10
slavic3,none,0.30,0.045,Pannonian Plain,0.850770,0.096497,1127.60,10
slavic3,none,0.30,0.045,Aegean Littoral,0.054473,0.069258,2075.00,10
slavic3,none,0.30,0.045,Peloponnese,0.000000,0.000000,241.30,10
slavic3,none,0.30,0.045,Albanian Highlands,0.078103,0.246985,811.90,10
slavic3,none,0.30,0.045,Adriatic Coastal,0.166346,0.358350,722.40,10
slavic3,none,0.30,0.045,Lower Danubian Frontier,0.983897,0.031989,3105.80,10
slavic3,none,0.30,0.045,unassigned,0.000000,0.000000,0.00,10
slavic3,uniform,0.10,0.000,Carpatho-Balkan Interior,0.996370,0.000988,17022.10,10
slavic3,uniform,0.10,0.000,Pannonian Plain,0.995668,0.003239,1927.10,10
slavic3,uniform,0.10,0.000,Aegean Littoral,0.997623,0.002090,6695.60,10
slavic3,uniform,0.10,0.000,Peloponnese,0.995965,0.005101,806.00,10
slavic3,uniform,0.10,0.000,Albanian Highlands,0.998898,0.001692,2689.90,10
slavic3,uniform,0.10,0.000,Adriatic Coastal,0.999346,0.001510,1764.40,10
slavic3,uniform,0.10,0.000,Lower Danubian Frontier,0.998839,0.001243,3321.00,10
slavic3,uniform,0.10,0.000,unassigned,0.000000,0.000000,0.00,10
slavic3,uniform,0.10,0.005,Carpatho-Balkan Interior,0.996309,0.001316,17567.90,10
slavic3,uniform,0.10,0.005,Pannonian Plain,0.990354,0.009559,1647.70,10
slavic3,uniform,0.10,0.005,Aegean Littoral,0.997385,0.001416,6864.50,10
slavic3,uniform,0.10,0.005,Peloponnese,0.997518,0.003080,802.70,10
slavic3,uniform,0.10,0.005,Albanian Highlands,0.998683,0.001416,2633.90,10
slavic3,uniform,0.10,0.005,Adriatic Coastal,0.998834,0.002859,2041.50,10
slavic3,uniform,0.10,0.005,Lower Danubian Frontier,0.998827,0.001656,2943.80,10
slavic3,uniform,0.10,0.005,unassigned,0.000000,0.000000,0.00,10
slavic3,uniform,0.10,0.015,Carpatho-Balkan Interior,0.995155,0.001992,16633.70,10
slavic3,uniform,0.10,0.015,Pannonian Plain,0.954013,0.095968,1285.30,10
slavic3,uniform,0.10,0.015,Aegean Littoral,0.868631,0.132642,5421.70,10
slavic3,uniform,0.10,0.015,Peloponnese,0.699424,0.462965,576.30,10
slavic3,uniform,0.10,0.015,Albanian Highlands,0.998876,0.001728,2811.40,10
slavic3,uniform,0.10,0.015,Adriatic Coastal,0.998453,0.001863,1693.70,10
slavic3,uniform,0.10,0.015,Lower Danubian Frontier,0.999243,0.001599,2702.10,10
slavic3,uniform,0.10,0.015,unassigned,0.000000,0.000000,0.00,10
slavic3,uniform,0.10,0.030,Carpatho-Balkan Interior,0.816625,0.106739,11310.20,10
slavic3,uniform,0.10,0.030,Pannonian Plain,0.711311,0.251877,963.30,10
slavic3,uniform,0.10,0.030,Aegean Littoral,0.376146,0.266294,2701.00,10
slavic3,uniform,0.10,0.030,Peloponnese,0.002962,0.008066,235.80,10
slavic3,uniform,0.10,0.030,Albanian Highlands,0.614197,0.441635,1601.00,10
slavic3,uniform,0.10,0.030,Adriatic Coastal,0.493828,0.515723,1278.90,10
slavic3,uniform,0.10,0.030,Lower Danubian Frontier,0.995178,0.007357,3187.00,10
slavic3,uniform,0.10,0.030,unassigned,0.000000,0.000000,0.00,10
slavic3,uniform,0.10,0.045,Carpatho-Balkan Interior,0.631120,0.119565,8724.10,10
slavic3,uniform,0.10,0.045,Pannonian Plain,0.640963,0.264397,948.50,10
slavic3,uniform,0.10,0.045,Aegean Littoral,0.076227,0.125413,2045.30,10
slavic3,uniform,0.10,0.045,Peloponnese,0.000289,0.000914,207.60,10
slavic3,uniform,0.10,0.045,Albanian Highlands,0.149861,0.312409,943.10,10
slavic3,uniform,0.10,0.045,Adriatic Coastal,0.000000,0.000000,464.40,10
slavic3,uniform,0.10,0.045,Lower Danubian Frontier,0.982973,0.026723,3367.00,10
slavic3,uniform,0.10,0.045,unassigned,0.000000,0.000000,0.00,10
slavic3,uniform,0.20,0.000,Carpatho-Balkan Interior,0.998018,0.000934,17342.90,10
slavic3,uniform,0.20,0.000,Pannonian Plain,0.996103,0.004000,1402.00,10
slavic3,uniform,0.20,0.000,Aegean Littoral,0.999316,0.000464,7209.20,10
slavic3,uniform,0.20,0.000,Peloponnese,0.997830,0.002872,818.50,10
slavic3,uniform,0.20,0.000,Albanian Highlands,0.999426,0.001011,2525.30,10
slavic3,uniform,0.20,0.000,Adriatic Coastal,0.999531,0.000989,1899.80,10
slavic3,uniform,0.20,0.000,Lower Danubian Frontier,0.999040,0.001186,3006.60,10
slavic3,uniform,0.20,0.000,unassigned,0.000000,0.000000,0.00,10
slavic3,uniform,0.20,0.005,Carpatho-Balkan Interior,0.997997,0.000955,17321.10,10
slavic3,uniform,0.20,0.005,Pannonian Plain,0.996225,0.004730,1880.40,10
slavic3,uniform,0.20,0.005,Aegean Littoral,0.998722,0.000584,7110.80,10
slavic3,uniform,0.20,0.005,Peloponnese,0.998475,0.002082,841.00,10
slavic3,uniform,0.20,0.005,Albanian Highlands,0.999406,0.000956,2501.60,10
slavic3,uniform,0.20,0.005,Adriatic Coastal,0.999520,0.000837,2096.20,10
slavic3,uniform,0.20,0.005,Lower Danubian Frontier,0.999214,0.001185,3515.40,10
slavic3,uniform,0.20,0.005,unassigned,0.000000,0.000000,0.00,10
slavic3,uniform,0.20,0.015,Carpatho-Balkan Interior,0.996833,0.001611,17135.30,10
slavic3,uniform,0.20,0.015,Pannonian Plain,0.969931,0.055591,1361.90,10
slavic3,uniform,0.20,0.015,Aegean Littoral,0.971329,0.067782,6648.10,10
slavic3,uniform,0.20,0.015,Peloponnese,0.902705,0.302239,557.50,10
slavic3,uniform,0.20,0.015,Albanian Highlands,0.998651,0.001344,3016.80,10
slavic3,uniform,0.20,0.015,Adriatic Coastal,0.998784,0.002152,1859.60,10
slavic3,uniform,0.20,0.015,Lower Danubian Frontier,0.999531,0.000550,3461.80,10
slavic3,uniform,0.20,0.015,unassigned,0.000000,0.000000,0.00,10
slavic3,uniform,0.20,0.030,Carpatho-Balkan Interior,0.935018,0.046699,14179.30,10
slavic3,uniform,0.20,0.030,Pannonian Plain,0.807866,0.242398,1052.80,10
slavic3,uniform,0.20,0.030,Aegean Littoral,0.460008,0.222589,2821.20,10
slavic3,uniform,0.20,0.030,Peloponnese,0.005227,0.013613,229.40,10
slavic3,uniform,0.20,0.030,Albanian Highlands,0.586434,0.500499,1895.00,10
slavic3,uniform,0.20,0.030,Adriatic Coastal,0.666012,0.460677,1437.50,10
slavic3,uniform,0.20,0.030,Lower Danubian Frontier,0.997115,0.005477,3243.70,10
slavic3,uniform,0.20,0.030,unassigned,0.000000,0.000000,0.00,10
slavic3,uniform,0.20,0.045,Carpatho-Balkan Interior,0.728963,0.090301,10113.10,10
slavic3,uniform,0.20,0.045,Pannonian Plain,0.886455,0.182022,1359.00,10
slavic3,uniform,0.20,0.045,Aegean Littoral,0.134532,0.175612,2316.40,10
slavic3,uniform,0.20,0.045,Peloponnese,0.000000,0.000000,262.80,10
slavic3,uniform,0.20,0.045,Albanian Highlands,0.267308,0.432663,1207.90,10
slavic3,uniform,0.20,0.045,Adriatic Coastal,0.078150,0.246777,587.90,10
slavic3,uniform,0.20,0.045,Lower Danubian Frontier,0.989962,0.024495,2943.70,10
slavic3,uniform,0.20,0.045,unassigned,0.000000,0.000000,0.00,10
slavic3,uniform,0.30,0.000,Carpatho-Balkan Interior,0.998802,0.000632,18010.30,10
slavic3,uniform,0.30,0.000,Pannonian Plain,0.995333,0.007755,1416.90,10
slavic3,uniform,0.30,0.000,Aegean Littoral,0.999200,0.000701,6542.30,10
slavic3,uniform,0.30,0.000,Peloponnese,0.999326,0.001236,905.40,10
slavic3,uniform,0.30,0.000,Albanian Highlands,0.999368,0.000838,2976.20,10
slavic3,uniform,0.30,0.000,Adriatic Coastal,0.999822,0.000288,1759.50,10
slavic3,uniform,0.30,0.000,Lower Danubian Frontier,0.999537,0.001017,3336.90,10
slavic3,uniform,0.30,0.000,unassigned,0.000000,0.000000,0.00,10
slavic3,uniform,0.30,0.005,Carpatho-Balkan Interior,0.998743,0.000410,16909.50,10
slavic3,uniform,0.30,0.005,Pannonian Plain,0.976682,0.051584,1566.40,10
slavic3,uniform,0.30,0.005,Aegean Littoral,0.998864,0.000936,6804.20,10
slavic3,uniform,0.30,0.005,Peloponnese,0.998172,0.003670,704.00,10
slavic3,uniform,0.30,0.005,Albanian Highlands,0.999466,0.000932,2890.30,10
slavic3,uniform,0.30,0.005,Adriatic Coastal,0.999849,0.000320,2072.80,10
slavic3,uniform,0.30,0.005,Lower Danubian Frontier,0.999178,0.000828,3237.50,10
slavic3,uniform,0.30,0.005,unassigned,0.000000,0.000000,0.00,10
slavic3,uniform,0.30,0.015,Carpatho-Balkan Interior,0.998375,0.000608,16693.50,10
slavic3,uniform,0.30,0.015,Pannonian Plain,0.983669,0.018555,1431.30,10
slavic3,uniform,0.30,0.015,Aegean Littoral,0.989165,0.028334,7127.40,10
slavic3,uniform,0.30,0.015,Peloponnese,0.999327,0.002128,857.00,10
slavic3,uniform,0.30,0.015,Albanian Highlands,0.999759,0.000611,2733.10,10
slavic3,uniform,0.30,0.015,Adriatic Coastal,0.997785,0.002893,1685.60,10
slavic3,uniform,0.30,0.015,Lower Danubian Frontier,0.998641,0.002228,2819.30,10
slavic3,uniform,0.30,0.015,unassigned,0.000000,0.000000,0.00,10
slavic3,uniform,0.30,0.030,Carpatho-Balkan Interior,0.997954,0.000820,17038.30,10
slavic3,uniform,0.30,0.030,Pannonian Plain,0.954322,0.077433,1417.30,10
slavic3,uniform,0.30,0.030,Aegean Littoral,0.791464,0.203638,4790.30,10
slavic3,uniform,0.30,0.030,Peloponnese,0.303516,0.478478,381.90,10
slavic3,uniform,0.30,0.030,Albanian Highlands,0.999010,0.001596,2591.70,10
slavic3,uniform,0.30,0.030,Adriatic Coastal,0.747061,0.410217,1671.30,10
slavic3,uniform,0.30,0.030,Lower Danubian Frontier,0.999760,0.000398,3125.70,10
slavic3,uniform,0.30,0.030,unassigned,0.000000,0.000000,0.00,10
slavic3,uniform,0.30,0.045,Carpatho-Balkan Interior,0.924681,0.084521,13412.10,10
slavic3,uniform,0.30,0.045,Pannonian Plain,0.828790,0.153571,1181.40,10
slavic3,uniform,0.30,0.045,Aegean Littoral,0.355828,0.239062,2751.30,10
slavic3,uniform,0.30,0.045,Peloponnese,0.000000,0.000000,201.40,10
slavic3,uniform,0.30,0.045,Albanian Highlands,0.563988,0.411103,1659.10,10
slavic3,uniform,0.30,0.045,Adriatic Coastal,0.205418,0.354418,717.70,10
slavic3,uniform,0.30,0.045,Lower Danubian Frontier,0.999130,0.000726,3152.60,10
slavic3,uniform,0.30,0.045,unassigned,0.000000,0.000000,0.00,10
slavic3,uniform,0.40,0.000,Carpatho-Balkan Interior,0.999050,0.000607,17333.40,10
slavic3,uniform,0.40,0.000,Pannonian Plain,0.998422,0.001283,1931.80,10
slavic3,uniform,0.40,0.000,Aegean Littoral,0.999325,0.000503,7017.40,10
slavic3,uniform,0.40,0.000,Peloponnese,0.999891,0.000344,868.20,10
slavic3,uniform,0.40,0.000,Albanian Highlands,0.999746,0.000571,2552.70,10
slavic3,uniform,0.40,0.000,Adriatic Coastal,0.999557,0.000730,2064.20,10
slavic3,uniform,0.40,0.000,Lower Danubian Frontier,0.997601,0.002026,3196.40,10
slavic3,uniform,0.40,0.000,unassigned,0.000000,0.000000,0.00,10
slavic3,uniform,0.40,0.005,Carpatho-Balkan Interior,0.998827,0.000685,17263.30,10
slavic3,uniform,0.40,0.005,Pannonian Plain,0.995614,0.006880,1626.40,10
slavic3,uniform,0.40,0.005,Aegean Littoral,0.999354,0.000658,6216.90,10
slavic3,uniform,0.40,0.005,Peloponnese,0.998965,0.002457,877.20,10
slavic3,uniform,0.40,0.005,Albanian Highlands,0.999493,0.000729,3086.70,10
slavic3,uniform,0.40,0.005,Adriatic Coastal,0.999505,0.000786,2189.30,10
slavic3,uniform,0.40,0.005,Lower Danubian Frontier,0.998962,0.000642,3446.10,10
slavic3,uniform,0.40,0.005,unassigned,0.000000,0.000000,0.00,10
slavic3,uniform,0.40,0.015,Carpatho-Balkan Interior,0.999252,0.000449,16983.60,10
slavic3,uniform,0.40,0.015,Pannonian Plain,0.964941,0.049643,1671.70,10
slavic3,uniform,0.40,0.015,Aegean Littoral,0.999005,0.000801,6722.90,10
slavic3,uniform,0.40,0.015,Peloponnese,0.998434,0.003579,789.20,10
slavic3,uniform,0.40,0.015,Albanian Highlands,0.999222,0.001283,2767.10,10
slavic3,uniform,0.40,0.015,Adriatic Coastal,0.999704,0.000711,1948.20,10
slavic3,uniform,0.40,0.015,Lower Danubian Frontier,0.999618,0.000473,2668.50,10
slavic3,uniform,0.40,0.015,unassigned,0.000000,0.000000,0.00,10
slavic3,uniform,0.40,0.030,Carpatho-Balkan Interior,0.999138,0.000642,16885.90,10
slavic3,uniform,0.40,0.030,Pannonian Plain,0.975654,0.026182,1641.00,10
slavic3,uniform,0.40,0.030,Aegean Littoral,0.990143,0.023514,6141.40,10
slavic3,uniform,0.40,0.030,Peloponnese,0.999548,0.001431,794.00,10
slavic3,uniform,0.40,0.030,Albanian Highlands,0.999255,0.001052,2464.60,10
slavic3,uniform,0.40,0.030,Adriatic Coastal,0.998734,0.001731,2045.10,10
slavic3,uniform,0.40,0.030,Lower Danubian Frontier,0.999176,0.001742,3715.90,10
slavic3,uniform,0.40,0.030,unassigned,0.000000,0.000000,0.00,10
slavic3,uniform,0.40,0.045,Carpatho-Balkan Interior,0.998977,0.000779,16888.50,10
slavic3,uniform,0.40,0.045,Pannonian Plain,0.764500,0.243843,1080.50,10
slavic3,uniform,0.40,0.045,Aegean Littoral,0.881507,0.099613,5378.00,10
slavic3,uniform,0.40,0.045,Peloponnese,0.699641,0.482798,740.60,10
slavic3,uniform,0.40,0.045,Albanian Highlands,0.999505,0.000817,2696.60,10
slavic3,uniform,0.40,0.045,Adriatic Coastal,0.971477,0.058080,1665.90,10
slavic3,uniform,0.40,0.045,Lower Danubian Frontier,0.999580,0.000683,3330.00,10
slavic3,uniform,0.40,0.045,unassigned,0.000000,0.000000,0.00,10
slavic3,cbi_only,0.10,0.000,Carpatho-Balkan Interior,0.996919,0.001186,16813.30,10
slavic3,cbi_only,0.10,0.000,Pannonian Plain,0.994235,0.006170,1745.20,10
slavic3,cbi_only,0.10,0.000,Aegean Littoral,0.997958,0.001346,6915.90,10
slavic3,cbi_only,0.10,0.000,Peloponnese,0.999425,0.001817,827.40,10
slavic3,cbi_only,0.10,0.000,Albanian Highlands,0.998224,0.001624,2576.00,10
slavic3,cbi_only,0.10,0.000,Adriatic Coastal,0.999782,0.000488,1988.70,10
slavic3,cbi_only,0.10,0.000,Lower Danubian Frontier,0.999768,0.000325,3272.80,10
slavic3,cbi_only,0.10,0.000,unassigned,0.000000,0.000000,0.00,10
slavic3,cbi_only,0.10,0.005,Carpatho-Balkan Interior,0.996086,0.001093,16822.70,10
slavic3,cbi_only,0.10,0.005,Pannonian Plain,0.995877,0.002404,1338.20,10
slavic3,cbi_only,0.10,0.005,Aegean Littoral,0.996875,0.001469,6689.70,10
slavic3,cbi_only,0.10,0.005,Peloponnese,0.998174,0.003255,864.00,10
slavic3,cbi_only,0.10,0.005,Albanian Highlands,0.998756,0.001792,2926.20,10
slavic3,cbi_only,0.10,0.005,Adriatic Coastal,0.998593,0.001759,2142.80,10
slavic3,cbi_only,0.10,0.005,Lower Danubian Frontier,0.998773,0.001857,3183.50,10
slavic3,cbi_only,0.10,0.005,unassigned,0.000000,0.000000,0.00,10
slavic3,cbi_only,0.10,0.015,Carpatho-Balkan Interior,0.994971,0.001108,16313.00,10
slavic3,cbi_only,0.10,0.015,Pannonian Plain,0.939738,0.160505,1438.50,10
slavic3,cbi_only,0.10,0.015,Aegean Littoral,0.921720,0.101250,5572.70,10
slavic3,cbi_only,0.10,0.015,Peloponnese,0.801942,0.404746,572.70,10
slavic3,cbi_only,0.10,0.015,Albanian Highlands,0.998896,0.000880,2583.10,10
slavic3,cbi_only,0.10,0.015,Adriatic Coastal,0.971355,0.056480,1953.00,10
slavic3,cbi_only,0.10,0.015,Lower Danubian Frontier,0.998851,0.001079,3345.60,10
slavic3,cbi_only,0.10,0.015,unassigned,0.000000,0.000000,0.00,10
slavic3,cbi_only,0.10,0.030,Carpatho-Balkan Interior,0.805245,0.123981,11507.10,10
slavic3,cbi_only,0.10,0.030,Pannonian Plain,0.842064,0.214440,1277.40,10
slavic3,cbi_only,0.10,0.030,Aegean Littoral,0.203152,0.194724,2479.70,10
slavic3,cbi_only,0.10,0.030,Peloponnese,0.006613,0.012973,292.50,10
slavic3,cbi_only,0.10,0.030,Albanian Highlands,0.404614,0.462431,1459.10,10
slavic3,cbi_only,0.10,0.030,Adriatic Coastal,0.528093,0.459991,1263.10,10
slavic3,cbi_only,0.10,0.030,Lower Danubian Frontier,0.997605,0.002793,3051.60,10
slavic3,cbi_only,0.10,0.030,unassigned,0.000000,0.000000,0.00,10
slavic3,cbi_only,0.10,0.045,Carpatho-Balkan Interior,0.648502,0.105816,9195.90,10
slavic3,cbi_only,0.10,0.045,Pannonian Plain,0.750622,0.274847,1010.60,10
slavic3,cbi_only,0.10,0.045,Aegean Littoral,0.080079,0.079893,2274.80,10
slavic3,cbi_only,0.10,0.045,Peloponnese,0.000000,0.000000,223.10,10
slavic3,cbi_only,0.10,0.045,Albanian Highlands,0.000809,0.001191,816.60,10
slavic3,cbi_only,0.10,0.045,Adriatic Coastal,0.000000,0.000000,646.00,10
slavic3,cbi_only,0.10,0.045,Lower Danubian Frontier,0.993205,0.013487,3135.40,10
slavic3,cbi_only,0.10,0.045,unassigned,0.000000,0.000000,0.00,10
slavic3,cbi_only,0.20,0.000,Carpatho-Balkan Interior,0.998254,0.000617,17333.70,10
slavic3,cbi_only,0.20,0.000,Pannonian Plain,0.991613,0.008124,1657.90,10
slavic3,cbi_only,0.20,0.000,Aegean Littoral,0.997669,0.001410,6724.40,10
slavic3,cbi_only,0.20,0.000,Peloponnese,0.996435,0.005097,748.30,10
slavic3,cbi_only,0.20,0.000,Albanian Highlands,0.998767,0.001524,2832.30,10
slavic3,cbi_only,0.20,0.000,Adriatic Coastal,0.999834,0.000295,2191.40,10
slavic3,cbi_only,0.20,0.000,Lower Danubian Frontier,0.999010,0.001740,3699.20,10
slavic3,cbi_only,0.20,0.000,unassigned,0.000000,0.000000,0.00,10
slavic3,cbi_only,0.20,0.005,Carpatho-Balkan Interior,0.997841,0.001017,16527.90,10
slavic3,cbi_only,0.20,0.005,Pannonian Plain,0.984587,0.023059,1873.40,10
slavic3,cbi_only,0.20,0.005,Aegean Littoral,0.998396,0.000683,7250.60,10
slavic3,cbi_only,0.20,0.005,Peloponnese,0.997264,0.004681,795.30,10
slavic3,cbi_only,0.20,0.005,Albanian Highlands,0.998935,0.001414,2766.00,10
slavic3,cbi_only,0.20,0.005,Adriatic Coastal,0.999120,0.001116,2098.50,10
slavic3,cbi_only,0.20,0.005,Lower Danubian Frontier,0.999173,0.000936,3151.20,10
slavic3,cbi_only,0.20,0.005,unassigned,0.000000,0.000000,0.00,10
slavic3,cbi_only,0.20,0.015,Carpatho-Balkan Interior,0.997946,0.000906,16998.00,10
slavic3,cbi_only,0.20,0.015,Pannonian Plain,0.978376,0.034206,1623.50,10
slavic3,cbi_only,0.20,0.015,Aegean Littoral,0.864729,0.115620,5156.30,10
slavic3,cbi_only,0.20,0.015,Peloponnese,0.516229,0.466145,510.80,10
slavic3,cbi_only,0.20,0.015,Albanian Highlands,0.998816,0.001702,2696.30,10
slavic3,cbi_only,0.20,0.015,Adriatic Coastal,0.951349,0.150822,1761.00,10
slavic3,cbi_only,0.20,0.015,Lower Danubian Frontier,0.998448,0.002096,3264.90,10
slavic3,cbi_only,0.20,0.015,unassigned,0.000000,0.000000,0.00,10
slavic3,cbi_only,0.20,0.030,Carpatho-Balkan Interior,0.926682,0.081408,13554.40,10
slavic3,cbi_only,0.20,0.030,Pannonian Plain,0.793853,0.241552,1334.80,10
slavic3,cbi_only,0.20,0.030,Aegean Littoral,0.320735,0.187006,2636.80,10
slavic3,cbi_only,0.20,0.030,Peloponnese,0.002431,0.004404,200.10,10
slavic3,cbi_only,0.20,0.030,Albanian Highlands,0.419039,0.446032,1386.20,10
slavic3,cbi_only,0.20,0.030,Adriatic Coastal,0.371470,0.478545,866.70,10
slavic3,cbi_only,0.20,0.030,Lower Danubian Frontier,0.999236,0.000744,3026.50,10
slavic3,cbi_only,0.20,0.030,unassigned,0.000000,0.000000,0.00,10
slavic3,cbi_only,0.20,0.045,Carpatho-Balkan Interior,0.707483,0.096993,9344.40,10
slavic3,cbi_only,0.20,0.045,Pannonian Plain,0.823134,0.151726,1064.70,10
slavic3,cbi_only,0.20,0.045,Aegean Littoral,0.110544,0.101720,2233.90,10
slavic3,cbi_only,0.20,0.045,Peloponnese,0.000000,0.000000,251.80,10
slavic3,cbi_only,0.20,0.045,Albanian Highlands,0.000419,0.000707,864.60,10
slavic3,cbi_only,0.20,0.045,Adriatic Coastal,0.001531,0.002844,531.30,10
slavic3,cbi_only,0.20,0.045,Lower Danubian Frontier,0.990800,0.018157,3705.00,10
slavic3,cbi_only,0.20,0.045,unassigned,0.000000,0.000000,0.00,10
slavic3,cbi_only,0.30,0.000,Carpatho-Balkan Interior,0.998470,0.000674,16583.40,10
slavic3,cbi_only,0.30,0.000,Pannonian Plain,0.997155,0.002481,1934.70,10
slavic3,cbi_only,0.30,0.000,Aegean Littoral,0.997464,0.001331,7344.50,10
slavic3,cbi_only,0.30,0.000,Peloponnese,0.998839,0.002198,770.90,10
slavic3,cbi_only,0.30,0.000,Albanian Highlands,0.998664,0.001184,2746.40,10
slavic3,cbi_only,0.30,0.000,Adriatic Coastal,0.997606,0.003910,1691.40,10
slavic3,cbi_only,0.30,0.000,Lower Danubian Frontier,0.999463,0.000575,3515.70,10
slavic3,cbi_only,0.30,0.000,unassigned,0.000000,0.000000,0.00,10
slavic3,cbi_only,0.30,0.005,Carpatho-Balkan Interior,0.998725,0.000672,16844.90,10
slavic3,cbi_only,0.30,0.005,Pannonian Plain,0.995186,0.006514,1544.10,10
slavic3,cbi_only,0.30,0.005,Aegean Littoral,0.997356,0.001539,6908.00,10
slavic3,cbi_only,0.30,0.005,Peloponnese,0.994935,0.007306,814.60,10
slavic3,cbi_only,0.30,0.005,Albanian Highlands,0.999723,0.000329,2673.00,10
slavic3,cbi_only,0.30,0.005,Adriatic Coastal,0.998493,0.001584,2114.30,10
slavic3,cbi_only,0.30,0.005,Lower Danubian Frontier,0.999065,0.001016,3071.20,10
slavic3,cbi_only,0.30,0.005,unassigned,0.000000,0.000000,0.00,10
slavic3,cbi_only,0.30,0.015,Carpatho-Balkan Interior,0.998331,0.000773,17040.10,10
slavic3,cbi_only,0.30,0.015,Pannonian Plain,0.981918,0.029776,1588.00,10
slavic3,cbi_only,0.30,0.015,Aegean Littoral,0.891091,0.081369,5676.90,10
slavic3,cbi_only,0.30,0.015,Peloponnese,0.455226,0.466209,454.00,10
slavic3,cbi_only,0.30,0.015,Albanian Highlands,0.997652,0.002439,2880.60,10
slavic3,cbi_only,0.30,0.015,Adriatic Coastal,0.955593,0.132585,1873.20,10
slavic3,cbi_only,0.30,0.015,Lower Danubian Frontier,0.998647,0.001482,3316.70,10
slavic3,cbi_only,0.30,0.015,unassigned,0.000000,0.000000,0.00,10
slavic3,cbi_only,0.30,0.030,Carpatho-Balkan Interior,0.983129,0.030329,15468.00,10
slavic3,cbi_only,0.30,0.030,Pannonian Plain,0.876394,0.217707,1162.90,10
slavic3,cbi_only,0.30,0.030,Aegean Littoral,0.523064,0.143054,3331.90,10
slavic3,cbi_only,0.30,0.030,Peloponnese,0.080411,0.248097,263.20,10
slavic3,cbi_only,0.30,0.030,Albanian Highlands,0.643672,0.443397,1905.60,10
slavic3,cbi_only,0.30,0.030,Adriatic Coastal,0.133595,0.271650,769.20,10
slavic3,cbi_only,0.30,0.030,Lower Danubian Frontier,0.999139,0.001424,3600.70,10
slavic3,cbi_only,0.30,0.030,unassigned,0.000000,0.000000,0.00,10
slavic3,cbi_only,0.30,0.045,Carpatho-Balkan Interior,0.882650,0.099721,13110.40,10
slavic3,cbi_only,0.30,0.045,Pannonian Plain,0.745489,0.252671,895.60,10
slavic3,cbi_only,0.30,0.045,Aegean Littoral,0.224342,0.188310,2199.20,10
slavic3,cbi_only,0.30,0.045,Peloponnese,0.000000,0.000000,235.50,10
slavic3,cbi_only,0.30,0.045,Albanian Highlands,0.072240,0.195361,724.20,10
slavic3,cbi_only,0.30,0.045,Adriatic Coastal,0.000000,0.000000,529.20,10
slavic3,cbi_only,0.30,0.045,Lower Danubian Frontier,0.995044,0.011248,3378.10,10
slavic3,cbi_only,0.30,0.045,unassigned,0.000000,0.000000,0.00,10
slavic3,cbi_only,0.40,0.000,Carpatho-Balkan Interior,0.999059,0.000381,16280.20,10
slavic3,cbi_only,0.40,0.000,Pannonian Plain,0.994028,0.009468,1657.80,10
slavic3,cbi_only,0.40,0.000,Aegean Littoral,0.997487,0.001074,6708.50,10
slavic3,cbi_only,0.40,0.000,Peloponnese,0.995695,0.006503,679.40,10
slavic3,cbi_only,0.40,0.000,Albanian Highlands,0.997657,0.003721,2746.50,10
slavic3,cbi_only,0.40,0.000,Adriatic Coastal,0.998590,0.002172,1984.60,10
slavic3,cbi_only,0.40,0.000,Lower Danubian Frontier,0.999178,0.001314,2951.30,10
slavic3,cbi_only,0.40,0.000,unassigned,0.000000,0.000000,0.00,10
slavic3,cbi_only,0.40,0.005,Carpatho-Balkan Interior,0.999086,0.000685,16647.60,10
slavic3,cbi_only,0.40,0.005,Pannonian Plain,0.995967,0.004360,1362.70,10
slavic3,cbi_only,0.40,0.005,Aegean Littoral,0.996288,0.001676,6551.30,10
slavic3,cbi_only,0.40,0.005,Peloponnese,0.998864,0.001469,821.20,10
slavic3,cbi_only,0.40,0.005,Albanian Highlands,0.999244,0.001191,2787.60,10
slavic3,cbi_only,0.40,0.005,Adriatic Coastal,0.999359,0.000793,1937.30,10
slavic3,cbi_only,0.40,0.005,Lower Danubian Frontier,0.999175,0.001027,3183.30,10
slavic3,cbi_only,0.40,0.005,unassigned,0.000000,0.000000,0.00,10
slavic3,cbi_only,0.40,0.015,Carpatho-Balkan Interior,0.999108,0.000540,16298.60,10
slavic3,cbi_only,0.40,0.015,Pannonian Plain,0.976859,0.055137,1523.70,10
slavic3,cbi_only,0.40,0.015,Aegean Littoral,0.876509,0.091732,5469.00,10
slavic3,cbi_only,0.40,0.015,Peloponnese,0.632273,0.463053,460.10,10
slavic3,cbi_only,0.40,0.015,Albanian Highlands,0.998851,0.001250,3127.90,10
slavic3,cbi_only,0.40,0.015,Adriatic Coastal,0.905021,0.295925,1821.10,10
slavic3,cbi_only,0.40,0.015,Lower Danubian Frontier,0.999394,0.001240,3046.30,10
slavic3,cbi_only,0.40,0.015,unassigned,0.000000,0.000000,0.00,10
slavic3,cbi_only,0.40,0.030,Carpatho-Balkan Interior,0.998812,0.000917,16894.00,10
slavic3,cbi_only,0.40,0.030,Pannonian Plain,0.891336,0.192513,1083.00,10
slavic3,cbi_only,0.40,0.030,Aegean Littoral,0.625623,0.124770,3396.60,10
slavic3,cbi_only,0.40,0.030,Peloponnese,0.002072,0.003760,266.20,10
slavic3,cbi_only,0.40,0.030,Albanian Highlands,0.889208,0.265603,1892.20,10
slavic3,cbi_only,0.40,0.030,Adriatic Coastal,0.323692,0.442125,1127.50,10
slavic3,cbi_only,0.40,0.030,Lower Danubian Frontier,0.998961,0.001464,3395.00,10
slavic3,cbi_only,0.40,0.030,unassigned,0.000000,0.000000,0.00,10
slavic3,cbi_only,0.40,0.045,Carpatho-Balkan Interior,0.998434,0.000853,17641.40,10
slavic3,cbi_only,0.40,0.045,Pannonian Plain,0.869065,0.155768,947.60,10
slavic3,cbi_only,0.40,0.045,Aegean Littoral,0.606666,0.146339,3241.10,10
slavic3,cbi_only,0.40,0.045,Peloponnese,0.000000,0.000000,278.60,10
slavic3,cbi_only,0.40,0.045,Albanian Highlands,0.723324,0.252272,1530.70,10
slavic3,cbi_only,0.40,0.045,Adriatic Coastal,0.086066,0.272163,641.60,10
slavic3,cbi_only,0.40,0.045,Lower Danubian Frontier,0.998446,0.001870,2804.40,10
slavic3,cbi_only,0.40,0.045,unassigned,0.000000,0.000000,0.00,10
arabic,none,0.30,0.000,Carpatho-Balkan Interior,0.056687,0.007685,4048.00,10
arabic,none,0.30,0.000,Pannonian Plain,1.000000,0.000000,206.10,10
arabic,none,0.30,0.000,Aegean Littoral,1.000000,0.000000,186.20,10
arabic,none,0.30,0.000,Peloponnese,1.000000,0.000000,24.10,10
arabic,none,0.30,0.000,Albanian Highlands,1.000000,0.000000,67.40,10
arabic,none,0.30,0.000,Adriatic Coastal,1.000000,0.000000,33.70,10
arabic,none,0.30,0.000,Lower Danubian Frontier,1.000000,0.000000,577.40,10
arabic,none,0.30,0.000,unassigned,1.000000,0.000000,738.70,10
arabic,uniform,0.10,0.000,Carpatho-Balkan Interior,0.056687,0.007685,4048.00,10
arabic,uniform,0.10,0.000,Pannonian Plain,1.000000,0.000000,206.10,10
arabic,uniform,0.10,0.000,Aegean Littoral,1.000000,0.000000,186.20,10
arabic,uniform,0.10,0.000,Peloponnese,1.000000,0.000000,24.10,10
arabic,uniform,0.10,0.000,Albanian Highlands,1.000000,0.000000,67.40,10
arabic,uniform,0.10,0.000,Adriatic Coastal,1.000000,0.000000,33.70,10
arabic,uniform,0.10,0.000,Lower Danubian Frontier,1.000000,0.000000,577.40,10
arabic,uniform,0.10,0.000,unassigned,1.000000,0.000000,738.70,10
arabic,uniform,0.20,0.000,Carpatho-Balkan Interior,0.056687,0.007685,4048.00,10
arabic,uniform,0.20,0.000,Pannonian Plain,1.000000,0.000000,206.10,10
arabic,uniform,0.20,0.000,Aegean Littoral,1.000000,0.000000,186.20,10
arabic,uniform,0.20,0.000,Peloponnese,1.000000,0.000000,24.10,10
arabic,uniform,0.20,0.000,Albanian Highlands,1.000000,0.000000,67.40,10
arabic,uniform,0.20,0.000,Adriatic Coastal,1.000000,0.000000,33.70,10
arabic,uniform,0.20,0.000,Lower Danubian Frontier,1.000000,0.000000,577.40,10
arabic,uniform,0.20,0.000,unassigned,1.000000,0.000000,738.70,10
arabic,uniform,0.30,0.000,Carpatho-Balkan Interior,0.056687,0.007685,4048.00,10
arabic,uniform,0.30,0.000,Pannonian Plain,1.000000,0.000000,206.10,10
arabic,uniform,0.30,0.000,Aegean Littoral,1.000000,0.000000,186.20,10
arabic,uniform,0.30,0.000,Peloponnese,1.000000,0.000000,24.10,10
arabic,uniform,0.30,0.000,Albanian Highlands,1.000000,0.000000,67.40,10
arabic,uniform,0.30,0.000,Adriatic Coastal,1.000000,0.000000,33.70,10
arabic,uniform,0.30,0.000,Lower Danubian Frontier,1.000000,0.000000,577.40,10
arabic,uniform,0.30,0.000,unassigned,1.000000,0.000000,738.70,10
arabic,uniform,0.40,0.000,Carpatho-Balkan Interior,0.056687,0.007685,4048.00,10
arabic,uniform,0.40,0.000,Pannonian Plain,1.000000,0.000000,206.10,10
arabic,uniform,0.40,0.000,Aegean Littoral,1.000000,0.000000,186.20,10
arabic,uniform,0.40,0.000,Peloponnese,1.000000,0.000000,24.10,10
arabic,uniform,0.40,0.000,Albanian Highlands,1.000000,0.000000,67.40,10
arabic,uniform,0.40,0.000,Adriatic Coastal,1.000000,0.000000,33.70,10
arabic,uniform,0.40,0.000,Lower Danubian Frontier,1.000000,0.000000,577.40,10
arabic,uniform,0.40,0.000,unassigned,1.000000,0.000000,738.70,10
arabic,cbi_only,0.10,0.000,Carpatho-Balkan Interior,0.056687,0.007685,4048.00,10
arabic,cbi_only,0.10,0.000,Pannonian Plain,1.000000,0.000000,206.10,10
arabic,cbi_only,0.10,0.000,Aegean Littoral,1.000000,0.000000,186.20,10
arabic,cbi_only,0.10,0.000,Peloponnese,1.000000,0.000000,24.10,10
arabic,cbi_only,0.10,0.000,Albanian Highlands,1.000000,0.000000,67.40,10
arabic,cbi_only,0.10,0.000,Adriatic Coastal,1.000000,0.000000,33.70,10
arabic,cbi_only,0.10,0.000,Lower Danubian Frontier,1.000000,0.000000,577.40,10
arabic,cbi_only,0.10,0.000,unassigned,1.000000,0.000000,738.70,10
arabic,cbi_only,0.20,0.000,Carpatho-Balkan Interior,0.056687,0.007685,4048.00,10
arabic,cbi_only,0.20,0.000,Pannonian Plain,1.000000,0.000000,206.10,10
arabic,cbi_only,0.20,0.000,Aegean Littoral,1.000000,0.000000,186.20,10
arabic,cbi_only,0.20,0.000,Peloponnese,1.000000,0.000000,24.10,10
arabic,cbi_only,0.20,0.000,Albanian Highlands,1.000000,0.000000,67.40,10
arabic,cbi_only,0.20,0.000,Adriatic Coastal,1.000000,0.000000,33.70,10
arabic,cbi_only,0.20,0.000,Lower Danubian Frontier,1.000000,0.000000,577.40,10
arabic,cbi_only,0.20,0.000,unassigned,1.000000,0.000000,738.70,10
arabic,cbi_only,0.30,0.000,Carpatho-Balkan Interior,0.056687,0.007685,4048.00,10
arabic,cbi_only,0.30,0.000,Pannonian Plain,1.000000,0.000000,206.10,10
arabic,cbi_only,0.30,0.000,Aegean Littoral,1.000000,0.000000,186.20,10
arabic,cbi_only,0.30,0.000,Peloponnese,1.000000,0.000000,24.10,10
arabic,cbi_only,0.30,0.000,Albanian Highlands,1.000000,0.000000,67.40,10
arabic,cbi_only,0.30,0.000,Adriatic Coastal,1.000000,0.000000,33.70,10
arabic,cbi_only,0.30,0.000,Lower Danubian Frontier,1.000000,0.000000,577.40,10
arabic,cbi_only,0.30,0.000,unassigned,1.000000,0.000000,738.70,10
arabic,cbi_only,0.40,0.000,Carpatho-Balkan Interior,0.056687,0.007685,4048.00,10
arabic,cbi_only,0.40,0.000,Pannonian Plain,1.000000,0.000000,206.10,10
arabic,cbi_only,0.40,0.000,Aegean Littoral,1.000000,0.000000,186.20,10
arabic,cbi_only,0.40,0.000,Peloponnese,1.000000,0.000000,24.10,10
arabic,cbi_only,0.40,0.000,Albanian Highlands,1.000000,0.000000,67.40,10
arabic,cbi_only,0.40,0.000,Adriatic Coastal,1.000000,0.000000,33.70,10
arabic,cbi_only,0.40,0.000,Lower Danubian Frontier,1.000000,0.000000,577.40,10
arabic,cbi_only,0.40,0.000,unassigned,1.000000,0.000000,738.70,10
